platform,city,pin,item,status,product_name,pack,selling_price_inr,mrp_inr,normalised_qty,unit,unit_price_inr,flags
amazon,Bengaluru,560034,atta,ok,Aashirvaad Superior MP Atta,1 kg,64,75,1000.0,kg,64.0,pack≠std
amazon,Bengaluru,560034,bhindi,ok,Fresh Bhindi (Lady Finger),250 g,16,22,250.0,kg,64.0,
amazon,Bengaluru,560034,butter,ok,Amul Salted Pasteurised Butter,100 g,63,63,100.0,100g,63.0,
amazon,Bengaluru,560034,carrot,ok,Fresh Orange Carrot,500 g,31,47,500.0,kg,62.0,
amazon,Bengaluru,560034,chilli,ok,Fresh Green Chilli - Deal,90 g,8,12,90.0,kg,88.89,
amazon,Bengaluru,560034,coriander,ok,Fresh Coriander/Dhania Leaves - Without Roots (Cleaned),100 g,11,17,100.0,kg,110.0,
amazon,Bengaluru,560034,curd,ok,Amul Masti Dahi - Pouch,450 g,36,36,450.0,kg,80.0,
amazon,Bengaluru,560034,dal,ok,Tata Sampann Toor Dal/Arhar Dal (Split),2 kg,339,468,2000.0,kg,169.5,
amazon,Bengaluru,560034,detergent,ok,Surf Excel Easy Wash Detergent Powder,1.5 kg,237,242,1500.0,kg,158.0,
amazon,Bengaluru,560034,eggs,ok,The Egg Co. White Eggs,6 Pcs,66.6,74,6,pc,11.1,
amazon,Bengaluru,560034,garlic,ok,Fresh Garlic (Lehsun),100 g,37,70,100.0,kg,370.0,
amazon,Bengaluru,560034,ghee,ok,Amul Cow Ghee Tetra Pack,1 L,647,705,1000.0,l,647.0,
amazon,Bengaluru,560034,ginger,ok,Pluckk Fresh Ginger (Adrak),200 g,76,98,200.0,kg,380.0,
amazon,Bengaluru,560034,maggi,ok,Maggi 2-Minute Masala Instant Noodles,70 g,14,15,70.0,100g,20.0,pack≠std
amazon,Bengaluru,560034,milk,na,,,,,,l,,
amazon,Bengaluru,560034,oil,ok,Fortune Sunlite Sunflower Oil,800 g,192,250,879.1,l,218.4,mass→vol
amazon,Bengaluru,560034,onion,ok,Fresh Onion,500 g,33,60,500.0,kg,66.0,
amazon,Bengaluru,560034,paneer,ok,Amul Fresh Paneer,200 g,95,105,200.0,kg,475.0,
amazon,Bengaluru,560034,parleg,ok,Parle-G Original Gluco Biscuits,250 g,30,30,250.0,100g,12.0,
amazon,Bengaluru,560034,potato,ok,Fresh Potato,1 kg,27,46,1000.0,kg,27.0,
amazon,Bengaluru,560034,rice,ok,India Gate Feast Rozzana Pure Basmati Rice,1 kg,104,125,1000.0,kg,104.0,
amazon,Bengaluru,560034,salt,ok,Tata Salt,1 kg,28,32,1000.0,kg,28.0,
amazon,Bengaluru,560034,sugar,ok,Parry's White Label Sugar,1 kg,70,80,1000.0,kg,70.0,
amazon,Bengaluru,560034,tea,ok,Tata Tea Premium (Black tea),250 g,135,135,250.0,100g,54.0,
amazon,Bengaluru,560034,tomato,ok,Fresh Hybrid Tomato,500 g,18,35,500.0,kg,36.0,
amazon,Bengaluru,560034,toothpaste,ok,Colgate Strong Teeth Toothpaste,200 g,135,135,200.0,100g,67.5,
amazon,Bengaluru,560034,turmeric,na,,,,,,100g,,
amazon,Bengaluru,560034,vim,ok,Vim Dishwash Bar,"Pack of 1, (4 Pcs, 190 g Each)",84,85,760.0,100g,11.05,pack≠std
amazon,Chennai,600020,atta,ok,Aashirvaad Superior MP Atta,1 kg,62,75,1000.0,kg,62.0,pack≠std
amazon,Chennai,600020,bhindi,ok,Fresh Bhindi (Lady Finger),250 g,10,23,250.0,kg,40.0,
amazon,Chennai,600020,butter,ok,Amul Salted Pasteurised Butter,500 g,310,310,500.0,100g,62.0,pack≠std
amazon,Chennai,600020,carrot,ok,Fresh Orange Carrot,500 g,31,49,500.0,kg,62.0,
amazon,Chennai,600020,chilli,ok,Fresh Green Chilli,100 g,12,24,100.0,kg,120.0,
amazon,Chennai,600020,coriander,ok,Fresh Coriander/Dhania Leaves - Without Roots (Cleaned),100 g,15,22,100.0,kg,150.0,
amazon,Chennai,600020,curd,na,,,,,,kg,,
amazon,Chennai,600020,dal,ok,Tata Sampann Toor Dal/Arhar Dal (Split),2 kg,339,468,2000.0,kg,169.5,
amazon,Chennai,600020,detergent,ok,Surf Excel Easy Wash Detergent Powder,1.5 kg,237,242,1500.0,kg,158.0,
amazon,Chennai,600020,eggs,ok,Fresh White Eggs,6 Pcs,50,50,6,pc,8.33,
amazon,Chennai,600020,garlic,ok,Fresh Garlic (Lehsun),250 g,76,183,250.0,kg,304.0,
amazon,Chennai,600020,ghee,na,,,,,,l,,
amazon,Chennai,600020,ginger,ok,Fresh Ginger (Adrak),250 g,60,157,250.0,kg,240.0,
amazon,Chennai,600020,maggi,ok,Maggi 2-Minute Masala Instant Noodles,420 g,78,90,420.0,100g,18.57,
amazon,Chennai,600020,milk,ok,Amul Taaza Pasteurised Toned Milky Milk,500 ml,29,29,500.0,l,58.0,
amazon,Chennai,600020,oil,ok,Fortune Sunlite Sunflower Oil Pouch,840 g,179,215,923.1,l,193.92,mass→vol
amazon,Chennai,600020,onion,ok,Fresh Onion,1 kg,69,126,1000.0,kg,69.0,
amazon,Chennai,600020,paneer,na,,,,,,kg,,
amazon,Chennai,600020,parleg,ok,Parle-G Original Gluco Biscuits,250 g,30,30,250.0,100g,12.0,
amazon,Chennai,600020,potato,ok,Fresh Potato,1 kg,28,63,1000.0,kg,28.0,
amazon,Chennai,600020,rice,ok,India Gate Feast Rozzana Pure Basmati Rice,1 kg,104,125,1000.0,kg,104.0,
amazon,Chennai,600020,salt,ok,Tata Salt,1 kg,29,32,1000.0,kg,29.0,
amazon,Chennai,600020,sugar,ok,Fortune Fine Grain Sugar,1 kg,68,99,1000.0,kg,68.0,
amazon,Chennai,600020,tea,ok,Tata Tea Premium (Black tea),500 g,270,270,500.0,100g,54.0,
amazon,Chennai,600020,tomato,ok,Fresh Local Tomato,500 g,23,57,500.0,kg,46.0,
amazon,Chennai,600020,toothpaste,ok,Colgate Strong Teeth Toothpaste,200 g,135,135,200.0,100g,67.5,
amazon,Chennai,600020,turmeric,ok,Everest Turmeric Powder,200 g,96,100,200.0,100g,48.0,
amazon,Chennai,600020,vim,ok,Vim Dishwash Bar,"Pack of 1, (4 Pcs, 190 g Each)",85,90,760.0,100g,11.18,pack≠std
amazon,New Delhi,110017,atta,ok,Aashirvaad Shudh Chakki Atta,5 kg,238,267,5000.0,kg,47.6,
amazon,New Delhi,110017,bhindi,ok,Fresh Bhindi (Lady Finger),250 g,12,30,250.0,kg,48.0,
amazon,New Delhi,110017,butter,ok,Amul Salted Pasteurised Butter,100 g,63,63,100.0,100g,63.0,
amazon,New Delhi,110017,carrot,na,,,,,,kg,,
amazon,New Delhi,110017,chilli,ok,Fresh Green Chilli,100 g,12,28,100.0,kg,120.0,
amazon,New Delhi,110017,coriander,ok,Fresh Coriander/Dhania Leaves - Without Roots (Cleaned),100 g,32,39,100.0,kg,320.0,
amazon,New Delhi,110017,curd,ok,Amul Masti Dahi Pouch,380 g,35,35,380.0,kg,92.11,
amazon,New Delhi,110017,dal,ok,Tata Sampann Toor Dal/Arhar Dal (Split),2 kg,324,468,2000.0,kg,162.0,
amazon,New Delhi,110017,detergent,ok,Surf Excel Easy Wash Detergent Powder,1.5 kg,237,242,1500.0,kg,158.0,
amazon,New Delhi,110017,eggs,ok,FreshToHome White Eggs,6 Pcs,49.56,119,6,pc,8.26,
amazon,New Delhi,110017,garlic,ok,Naturally Grown Garlic,100 g,48,50,100.0,kg,480.0,
amazon,New Delhi,110017,ghee,ok,Amul Pure Ghee - Pouch,1 L,640,640,1000.0,l,640.0,
amazon,New Delhi,110017,ginger,ok,Fresh Ginger (Adrak),100 g,16,46,100.0,kg,160.0,
amazon,New Delhi,110017,maggi,ok,Maggi 2-Minute Masala Instant Noodles,420 g,70,90,420.0,100g,16.67,
amazon,New Delhi,110017,milk,ok,Amul Taaza Pasteurised Toned Milky Milk,500 ml,30,35,500.0,l,60.0,
amazon,New Delhi,110017,oil,ok,Fortune Sunlite Sunflower Oil Pouch,800 g,181,215,879.1,l,205.89,mass→vol
amazon,New Delhi,110017,onion,ok,Naturally Grown Onion,1 kg,79,80,1000.0,kg,79.0,
amazon,New Delhi,110017,paneer,ok,Amul Fresh Paneer,200 g,95,95,200.0,kg,475.0,
amazon,New Delhi,110017,parleg,ok,Parle-G Original Gluco Biscuits,250 g,30,30,250.0,100g,12.0,
amazon,New Delhi,110017,potato,ok,Fresh Potato,1 kg,22,37,1000.0,kg,22.0,
amazon,New Delhi,110017,rice,ok,India Gate Feast Rozzana Pure Basmati Rice,1 kg,104,125,1000.0,kg,104.0,
amazon,New Delhi,110017,salt,ok,Tata Salt,1 kg,29,32,1000.0,kg,29.0,
amazon,New Delhi,110017,sugar,ok,Dhampure White Crystal Sugar,1 kg,66,95,1000.0,kg,66.0,
amazon,New Delhi,110017,tea,ok,Tata Tea Premium Chai,250 g,130,130,250.0,100g,52.0,
amazon,New Delhi,110017,tomato,ok,Fresh Hybrid Tomato,500 g,31,49,500.0,kg,62.0,
amazon,New Delhi,110017,toothpaste,ok,Colgate Strong Teeth Toothpaste,300 g,196,208,300.0,100g,65.33,
amazon,New Delhi,110017,turmeric,ok,Everest Turmeric Powder,200 g,96,96,200.0,100g,48.0,
amazon,New Delhi,110017,vim,ok,Vim Dishwash Bar,"Pack of 1, (4 Pcs, 190 g Each)",85,85,760.0,100g,11.18,pack≠std
amazon,Gurugram,122002,atta,ok,Aashirvaad Shudh Chakki Atta,5 kg,238,267,5000.0,kg,47.6,
amazon,Gurugram,122002,bhindi,ok,Fresh Bhindi (Lady Finger),250 g,12,31,250.0,kg,48.0,
amazon,Gurugram,122002,butter,ok,Amul Salted Pasteurised Butter,100 g,63,63,100.0,100g,63.0,
amazon,Gurugram,122002,carrot,na,,,,,,kg,,
amazon,Gurugram,122002,chilli,ok,Fresh Naturally Grown Green Chilli,100 g,25,36,100.0,kg,250.0,
amazon,Gurugram,122002,coriander,ok,Fresh Coriander/Dhania Leaves - Without Roots (Cleaned),100 g,32,62,100.0,kg,320.0,
amazon,Gurugram,122002,curd,ok,Amul Masti Dahi - Cup,400 g,50,50,400.0,kg,125.0,
amazon,Gurugram,122002,dal,ok,Tata Sampann Toor Dal/Arhar Dal (Split),1 kg,164,224,1000.0,kg,164.0,
amazon,Gurugram,122002,detergent,ok,Surf Excel Easy Wash Detergent Powder,1.5 kg,237,242,1500.0,kg,158.0,
amazon,Gurugram,122002,eggs,ok,Farm2Home Fresh White Eggs,6 Pcs,68,68,6,pc,11.33,
amazon,Gurugram,122002,garlic,na,,,,,,kg,,
amazon,Gurugram,122002,ghee,ok,Amul Cow Ghee Tetra Pack,1 L,665,705,1000.0,l,665.0,
amazon,Gurugram,122002,ginger,ok,Fresh Ginger (Adrak),100 g,16,46,100.0,kg,160.0,
amazon,Gurugram,122002,maggi,ok,Maggi 2-Minute Masala Instant Noodles,420 g,70,90,420.0,100g,16.67,
amazon,Gurugram,122002,milk,ok,Amul Taaza Pasteurised Toned Milky Milk,500 ml,30,30,500.0,l,60.0,
amazon,Gurugram,122002,oil,ok,Fortune Sunlite Sunflower Oil,1.74 kg,397,500,1912.1,l,207.63,mass→vol
amazon,Gurugram,122002,onion,na,,,,,,kg,,
amazon,Gurugram,122002,paneer,ok,Amul Fresh Paneer,200 g,95,95,200.0,kg,475.0,
amazon,Gurugram,122002,parleg,ok,Parle-G Original Gluco Biscuits,250 g,30,30,250.0,100g,12.0,
amazon,Gurugram,122002,potato,ok,Fresh Potato,1 kg,22,55,1000.0,kg,22.0,
amazon,Gurugram,122002,rice,ok,India Gate Feast Rozzana Pure Basmati Rice,5 kg,464,620,5000.0,kg,92.8,pack≠std
amazon,Gurugram,122002,salt,ok,Tata Salt,1 kg,29,32,1000.0,kg,29.0,
amazon,Gurugram,122002,sugar,ok,Dhampure White Crystal Sugar,1 kg,66,95,1000.0,kg,66.0,
amazon,Gurugram,122002,tea,ok,Tata Tea Premium Chai,250 g,130,140,250.0,100g,52.0,
amazon,Gurugram,122002,tomato,ok,Fresh Hybrid Tomato,500 g,31,53,500.0,kg,62.0,
amazon,Gurugram,122002,toothpaste,ok,Colgate Strong Teeth Toothpaste,200 g,135,135,200.0,100g,67.5,
amazon,Gurugram,122002,turmeric,ok,Everest Turmeric Powder,200 g,96,96,200.0,100g,48.0,
amazon,Gurugram,122002,vim,na,,,,,,100g,,
amazon,Hyderabad,500081,atta,ok,Aashirvaad Superior MP Atta,10 kg,571,654,10000.0,kg,57.1,
amazon,Hyderabad,500081,bhindi,ok,Fresh Bhindi (Lady Finger),250 g,16,26,250.0,kg,64.0,
amazon,Hyderabad,500081,butter,ok,Amul Salted Pasteurised Butter,100 g,62,63,100.0,100g,62.0,
amazon,Hyderabad,500081,carrot,na,,,,,,kg,,
amazon,Hyderabad,500081,chilli,ok,Fresh Green Chilli - Deal,90 g,8,14,90.0,kg,88.89,
amazon,Hyderabad,500081,coriander,ok,Fresh Coriander/Dhania Leaves - Without Roots (Cleaned),100 g,26,27,100.0,kg,260.0,
amazon,Hyderabad,500081,curd,ok,Amul Masti Dahi Pouch,380 g,35,35,380.0,kg,92.11,
amazon,Hyderabad,500081,dal,ok,Tata Sampann Toor Dal/Arhar Dal (Split),2 kg,337,468,2000.0,kg,168.5,
amazon,Hyderabad,500081,detergent,ok,Surf Excel Easy Wash Detergent Powder,1.5 kg,235,235,1500.0,kg,156.67,
amazon,Hyderabad,500081,eggs,ok,Pickzz Fresh White Eggs,6 Pcs,74,89,6,pc,12.33,
amazon,Hyderabad,500081,garlic,ok,Fresh Garlic (Lehsun),250 g,78,160,250.0,kg,312.0,
amazon,Hyderabad,500081,ghee,na,,,,,,l,,
amazon,Hyderabad,500081,ginger,ok,Fresh Ginger (Adrak),250 g,70,155,250.0,kg,280.0,
amazon,Hyderabad,500081,maggi,ok,Maggi 2-Minute Masala Instant Noodles,420 g,79,90,420.0,100g,18.81,
amazon,Hyderabad,500081,milk,ok,Amul Taaza Pasteurised Toned Milky Milk,500 ml,30,30,500.0,l,60.0,
amazon,Hyderabad,500081,oil,ok,Fortune Sunlite Sunflower Oil Pouch,840 g,177,205,923.1,l,191.75,mass→vol
amazon,Hyderabad,500081,onion,ok,Fresh Onion,500 g,35,60,500.0,kg,70.0,
amazon,Hyderabad,500081,paneer,ok,Amul Fresh Paneer,200 g,95,97,200.0,kg,475.0,
amazon,Hyderabad,500081,parleg,ok,Parle-G Original Gluco Biscuits,250 g,30,30,250.0,100g,12.0,
amazon,Hyderabad,500081,potato,ok,Fresh Potato,1 kg,28,49,1000.0,kg,28.0,
amazon,Hyderabad,500081,rice,ok,India Gate Feast Rozzana Pure Basmati Rice,1 kg,104,125,1000.0,kg,104.0,
amazon,Hyderabad,500081,salt,ok,Tata Salt,1 kg,29,32,1000.0,kg,29.0,
amazon,Hyderabad,500081,sugar,ok,Fortune Fine Grain Sugar,1 kg,68,75,1000.0,kg,68.0,
amazon,Hyderabad,500081,tea,ok,Tata Tea Premium (Black tea),250 g,135,135,250.0,100g,54.0,
amazon,Hyderabad,500081,tomato,ok,Fresh Local Tomato,500 g,22,37,500.0,kg,44.0,
amazon,Hyderabad,500081,toothpaste,ok,Colgate Strong Teeth Toothpaste,200 g,135,135,200.0,100g,67.5,
amazon,Hyderabad,500081,turmeric,ok,Everest Turmeric Powder,200 g,96,96,200.0,100g,48.0,
amazon,Hyderabad,500081,vim,ok,Vim Lemon Dishwash Bar,300 g,20,20,300.0,100g,6.67,
amazon,Indore,452010,atta,ns,,,,,,kg,,
amazon,Indore,452010,bhindi,ns,,,,,,kg,,
amazon,Indore,452010,butter,ns,,,,,,100g,,
amazon,Indore,452010,carrot,ns,,,,,,kg,,
amazon,Indore,452010,chilli,ns,,,,,,kg,,
amazon,Indore,452010,coriander,ns,,,,,,kg,,
amazon,Indore,452010,curd,ns,,,,,,kg,,
amazon,Indore,452010,dal,ns,,,,,,kg,,
amazon,Indore,452010,detergent,ns,,,,,,kg,,
amazon,Indore,452010,eggs,ns,,,,,,pc,,
amazon,Indore,452010,garlic,ns,,,,,,kg,,
amazon,Indore,452010,ghee,ns,,,,,,l,,
amazon,Indore,452010,ginger,ns,,,,,,kg,,
amazon,Indore,452010,maggi,ns,,,,,,100g,,
amazon,Indore,452010,milk,ns,,,,,,l,,
amazon,Indore,452010,oil,ns,,,,,,l,,
amazon,Indore,452010,onion,ns,,,,,,kg,,
amazon,Indore,452010,paneer,ns,,,,,,kg,,
amazon,Indore,452010,parleg,ns,,,,,,100g,,
amazon,Indore,452010,potato,ns,,,,,,kg,,
amazon,Indore,452010,rice,ns,,,,,,kg,,
amazon,Indore,452010,salt,ns,,,,,,kg,,
amazon,Indore,452010,sugar,ns,,,,,,kg,,
amazon,Indore,452010,tea,ns,,,,,,100g,,
amazon,Indore,452010,tomato,ns,,,,,,kg,,
amazon,Indore,452010,toothpaste,ns,,,,,,100g,,
amazon,Indore,452010,turmeric,ns,,,,,,100g,,
amazon,Indore,452010,vim,ns,,,,,,100g,,
amazon,Kolkata,700019,atta,ok,Aashirvaad Shudh Chakki Atta,5 kg,237,268,5000.0,kg,47.4,
amazon,Kolkata,700019,bhindi,ok,Fresh Bhindi (Lady Finger),500 g,30,49,500.0,kg,60.0,
amazon,Kolkata,700019,butter,na,,,,,,100g,,
amazon,Kolkata,700019,carrot,ok,Fresh Orange Carrot,500 g,37,58,500.0,kg,74.0,
amazon,Kolkata,700019,chilli,ok,Fresh Green Chilli,100 g,13,23,100.0,kg,130.0,
amazon,Kolkata,700019,coriander,ok,Fresh Coriander/Dhania Leaves - Without Roots (Cleaned),100 g,35,47,100.0,kg,350.0,
amazon,Kolkata,700019,curd,ok,Amul Masti Dahi Pouch,380 g,35,35,380.0,kg,92.11,
amazon,Kolkata,700019,dal,ok,Tata Sampann Toor Dal/Arhar Dal (Split),2 kg,339,468,2000.0,kg,169.5,
amazon,Kolkata,700019,detergent,ok,Surf Excel Easy Wash Detergent Powder,1.5 kg,237,242,1500.0,kg,158.0,
amazon,Kolkata,700019,eggs,ok,Fresh White Eggs,6 Pcs,57,70,6,pc,9.5,
amazon,Kolkata,700019,garlic,ok,Fresh Garlic (Lehsun),250 g,57,168,250.0,kg,228.0,
amazon,Kolkata,700019,ghee,na,,,,,,l,,
amazon,Kolkata,700019,ginger,ok,Fresh Ginger (Adrak),250 g,28,87,250.0,kg,112.0,
amazon,Kolkata,700019,maggi,ok,Maggi 2-Minute Masala Instant Noodles,420 g,78,90,420.0,100g,18.57,
amazon,Kolkata,700019,milk,ok,Amul Taaza Pasteurised Toned Milky Milk,500 ml,29,30,500.0,l,58.0,
amazon,Kolkata,700019,oil,ok,Fortune Sunlite Sunflower Oil,800 g,197,210,879.1,l,224.09,mass→vol
amazon,Kolkata,700019,onion,ok,Fresh Onion,1 kg,68,110,1000.0,kg,68.0,
amazon,Kolkata,700019,paneer,na,,,,,,kg,,
amazon,Kolkata,700019,parleg,ok,Parle-G Original Gluco Biscuits,250 g,30,30,250.0,100g,12.0,
amazon,Kolkata,700019,potato,ok,Fresh Potato,1 kg,19,26,1000.0,kg,19.0,
amazon,Kolkata,700019,rice,ok,India Gate Feast Rozzana Pure Basmati Rice,1 kg,109,125,1000.0,kg,109.0,
amazon,Kolkata,700019,salt,ok,Tata Salt,1 kg,29,32,1000.0,kg,29.0,
amazon,Kolkata,700019,sugar,ok,Dhampure White Crystal Sugar,1 kg,66,95,1000.0,kg,66.0,
amazon,Kolkata,700019,tea,ok,Tata Tea Premium Chai,250 g,120,120,250.0,100g,48.0,
amazon,Kolkata,700019,tomato,ok,Fresh Hybrid Tomato,500 g,30,67,500.0,kg,60.0,
amazon,Kolkata,700019,toothpaste,ok,Colgate Strong Teeth Toothpaste,200 g,134,135,200.0,100g,67.0,
amazon,Kolkata,700019,turmeric,ok,Everest Turmeric Powder,200 g,76,96,200.0,100g,38.0,
amazon,Kolkata,700019,vim,ok,Vim Dishwash Bar,"Pack of 1, (4 Pcs, 190 g Each)",85,85,760.0,100g,11.18,pack≠std
amazon,Lucknow,226010,atta,ok,Aashirvaad Shudh Chakki Atta,5 kg,244,267,5000.0,kg,48.8,
amazon,Lucknow,226010,bhindi,ok,Fresh Bhindi (Lady Finger),250 g,12,39,250.0,kg,48.0,
amazon,Lucknow,226010,butter,na,,,,,,100g,,
amazon,Lucknow,226010,carrot,na,,,,,,kg,,
amazon,Lucknow,226010,chilli,ok,Fresh Green Chilli,100 g,11,32,100.0,kg,110.0,
amazon,Lucknow,226010,coriander,ok,Fresh Coriander/Dhania Leaves - Without Roots (Cleaned),100 g,22,86,100.0,kg,220.0,
amazon,Lucknow,226010,curd,ok,Amul Masti Dahi Pouch,380 g,35,35,380.0,kg,92.11,
amazon,Lucknow,226010,dal,ok,Tata Sampann Toor Dal/Arhar Dal (Split),2 kg,339,468,2000.0,kg,169.5,
amazon,Lucknow,226010,detergent,ok,Surf Excel Easy Wash Detergent Powder,1.5 kg,237,242,1500.0,kg,158.0,
amazon,Lucknow,226010,eggs,ok,UPF Healthy Large White Eggs,6 Pcs,92,109,6,pc,15.33,
amazon,Lucknow,226010,garlic,ok,Fresh Garlic (Lehsun),100 g,29,91,100.0,kg,290.0,
amazon,Lucknow,226010,ghee,na,,,,,,l,,
amazon,Lucknow,226010,ginger,ok,Fresh Ginger (Adrak),250 g,29,206,250.0,kg,116.0,
amazon,Lucknow,226010,maggi,ok,Maggi 2-Minute Masala Instant Noodles,140 g,30,30,140.0,100g,21.43,
amazon,Lucknow,226010,milk,ok,Amul Taaza Pasteurised Toned Milky Milk,500 ml,30,30,500.0,l,60.0,
amazon,Lucknow,226010,oil,ok,Fortune Sunlite Sunflower Oil,1.74 kg,398,425,1912.1,l,208.15,mass→vol
amazon,Lucknow,226010,onion,ok,Fresh Onion,500 g,34,60,500.0,kg,68.0,
amazon,Lucknow,226010,paneer,na,,,,,,kg,,
amazon,Lucknow,226010,parleg,ok,Parle-G Original Gluco Biscuits,250 g,30,30,250.0,100g,12.0,
amazon,Lucknow,226010,potato,ok,Fresh Potato,1 kg,20,47,1000.0,kg,20.0,
amazon,Lucknow,226010,rice,ok,India Gate Feast Rozzana Pure Basmati Rice,1 kg,109,125,1000.0,kg,109.0,
amazon,Lucknow,226010,salt,ok,Tata Salt,1 kg,29,32,1000.0,kg,29.0,
amazon,Lucknow,226010,sugar,ok,Dhampure White Crystal Sugar,1 kg,64,75,1000.0,kg,64.0,
amazon,Lucknow,226010,tea,ok,Tata Tea Premium Care - Black Tea,250 g,132,140,250.0,100g,52.8,
amazon,Lucknow,226010,tomato,ok,Fresh Local Tomato,500 g,38,73,500.0,kg,76.0,
amazon,Lucknow,226010,toothpaste,na,,,,,,100g,,
amazon,Lucknow,226010,turmeric,ok,Everest Turmeric Powder,200 g,96,96,200.0,100g,48.0,
amazon,Lucknow,226010,vim,ok,Vim Dishwash Bar,"Pack of 1, (4 Pcs, 190 g Each)",85,90,760.0,100g,11.18,pack≠std
amazon,Mumbai,400050,atta,ok,Aashirvaad Superior MP Atta,10 kg,526,612,10000.0,kg,52.6,
amazon,Mumbai,400050,bhindi,ok,Fresh Bhindi (Lady Finger),500 g,24,34,500.0,kg,48.0,
amazon,Mumbai,400050,butter,ok,Amul Salted Pasteurised Butter,100 g,63,63,100.0,100g,63.0,
amazon,Mumbai,400050,carrot,ok,Fresh Ooty Carrot,250 g,19,27,250.0,kg,76.0,
amazon,Mumbai,400050,chilli,ok,Fresh Green Chilli,100 g,10,16,100.0,kg,100.0,
amazon,Mumbai,400050,coriander,ok,Fresh Coriander/Dhania Leaves - Without Roots (Cleaned),100 g,14,20,100.0,kg,140.0,
amazon,Mumbai,400050,curd,ok,Amul Masti Dahi - Cup,400 g,50,50,400.0,kg,125.0,
amazon,Mumbai,400050,dal,ok,Tata Sampann Toor Dal/Arhar Dal (Split),2 kg,339,468,2000.0,kg,169.5,
amazon,Mumbai,400050,detergent,ok,Surf Excel Easy Wash Detergent Powder,1.5 kg,237,250,1500.0,kg,158.0,
amazon,Mumbai,400050,eggs,ok,Fresh White Eggs,6 Pcs,59,65,6,pc,9.83,
amazon,Mumbai,400050,garlic,ok,Fresh Garlic (Lehsun),100 g,25,48,100.0,kg,250.0,
amazon,Mumbai,400050,ghee,ok,Amul Cow Ghee Pouch,500 ml,350,350,500.0,l,700.0,
amazon,Mumbai,400050,ginger,ok,Pluckk Fresh Ginger (Adrak),200 g,72,109,200.0,kg,360.0,
amazon,Mumbai,400050,maggi,ok,Maggi 2-Minute Masala Instant Noodles,420 g,70,90,420.0,100g,16.67,
amazon,Mumbai,400050,milk,ok,Amul Taaza Pasteurised Toned Milky Milk,500 ml,30,30,500.0,l,60.0,
amazon,Mumbai,400050,oil,ok,Fortune Sunlite Sunflower Oil Pouch,800 g,179,205,879.1,l,203.61,mass→vol
amazon,Mumbai,400050,onion,ok,Naturally Grown Onion,1 kg,75,100,1000.0,kg,75.0,
amazon,Mumbai,400050,paneer,ok,Amul Fresh Paneer,200 g,95,95,200.0,kg,475.0,
amazon,Mumbai,400050,parleg,ok,Parle-G Original Gluco Biscuits,250 g,30,30,250.0,100g,12.0,
amazon,Mumbai,400050,potato,ok,Fresh Potato,1 kg,26,38,1000.0,kg,26.0,
amazon,Mumbai,400050,rice,ok,India Gate Feast Rozzana Pure Basmati Rice,1 kg,104,125,1000.0,kg,104.0,
amazon,Mumbai,400050,salt,ok,Tata Salt,1 kg,28,32,1000.0,kg,28.0,
amazon,Mumbai,400050,sugar,ok,Fortune Sugar,1 kg,62,99,1000.0,kg,62.0,
amazon,Mumbai,400050,tea,ok,Tata Tea Premium (Black tea),1.5 kg,500,760,1500.0,100g,33.33,pack≠std
amazon,Mumbai,400050,tomato,ok,Fresh Hybrid Tomato,500 g,19,27,500.0,kg,38.0,
amazon,Mumbai,400050,toothpaste,na,,,,,,100g,,
amazon,Mumbai,400050,turmeric,ok,Everest Turmeric Powder,200 g,84,100,200.0,100g,42.0,
amazon,Mumbai,400050,vim,ok,Vim Lemon Dishwash Bar,300 g,30,30,300.0,100g,10.0,
amazon,Pune,411038,atta,na,,,,,,kg,,
amazon,Pune,411038,bhindi,ok,Fresh Bhindi (Lady Finger),500 g,10,37,500.0,kg,20.0,
amazon,Pune,411038,butter,na,,,,,,100g,,
amazon,Pune,411038,carrot,ok,Fresh Ooty Carrot,250 g,24,24,250.0,kg,96.0,
amazon,Pune,411038,chilli,ok,Fresh Green Chilli,100 g,9,19,100.0,kg,90.0,
amazon,Pune,411038,coriander,na,,,,,,kg,,
amazon,Pune,411038,curd,ok,Amul Masti Dahi - Cup,400 g,50,50,400.0,kg,125.0,
amazon,Pune,411038,dal,ok,Tata Sampann Toor Dal/Arhar Dal (Split),1 kg,179,234,1000.0,kg,179.0,
amazon,Pune,411038,detergent,ok,Surf Excel Easy Wash Detergent Powder,1.5 kg,237,242,1500.0,kg,158.0,
amazon,Pune,411038,eggs,ok,Fresh White Eggs,6 Pcs,54,65,6,pc,9.0,
amazon,Pune,411038,garlic,na,,,,,,kg,,
amazon,Pune,411038,ghee,na,,,,,,l,,
amazon,Pune,411038,ginger,ok,Naturally Grown Ginger,100 g,46,47,100.0,kg,460.0,
amazon,Pune,411038,maggi,ok,Maggi 2-Minute Masala Instant Noodles,280 g,54,60,280.0,100g,19.29,
amazon,Pune,411038,milk,ok,Amul Taaza Pasteurised Toned Milky Milk,500 ml,29,30,500.0,l,58.0,
amazon,Pune,411038,oil,ok,Fortune Sunlite Sunflower Oil Pouch,800 g,189,205,879.1,l,214.99,mass→vol
amazon,Pune,411038,onion,ok,Naturally Grown Onion,1 kg,67,110,1000.0,kg,67.0,
amazon,Pune,411038,paneer,ok,Amul Fresh Paneer,200 g,88,95,200.0,kg,440.0,
amazon,Pune,411038,parleg,ok,Parle-G Original Gluco Biscuits,250 g,30,30,250.0,100g,12.0,
amazon,Pune,411038,potato,ok,Fresh Potato,1 kg,31,38,1000.0,kg,31.0,
amazon,Pune,411038,rice,na,,,,,,kg,,
amazon,Pune,411038,salt,ok,Tata Salt,1 kg,29,32,1000.0,kg,29.0,
amazon,Pune,411038,sugar,ok,Parry's White Label Sugar,1 kg,65,65,1000.0,kg,65.0,
amazon,Pune,411038,tea,ok,Tata Tea Premium Chai,250 g,135,135,250.0,100g,54.0,
amazon,Pune,411038,tomato,ok,Fresh Hybrid Tomato,500 g,19,27,500.0,kg,38.0,
amazon,Pune,411038,toothpaste,ok,Colgate Strong Teeth Toothpaste,200 g,134,135,200.0,100g,67.0,
amazon,Pune,411038,turmeric,ok,Everest Turmeric Powder,200 g,96,96,200.0,100g,48.0,
amazon,Pune,411038,vim,ok,Vim Dishwash Bar,"Pack of 1, (4 Pcs, 190 g Each)",85,85,760.0,100g,11.18,pack≠std
blinkit,Bengaluru,560034,atta,ok,Aashirvaad Superior MP Chakki Atta 0% MAIDA 100% ATTA (Godihittu),5 kg,313,358,5000.0,kg,62.6,
blinkit,Bengaluru,560034,bhindi,ok,Lady Finger (Bendekayi),250 g,21,27,250.0,kg,84.0,
blinkit,Bengaluru,560034,butter,oos,Amul Salted Butter,100 g,63,63,100.0,100g,63.0,
blinkit,Bengaluru,560034,carrot,ok,Orange Carrot,500 g,31,39,500.0,kg,62.0,
blinkit,Bengaluru,560034,chilli,ok,Green Chilli (Menasinakayi),100 g,15,18,100.0,kg,150.0,
blinkit,Bengaluru,560034,coriander,ok,Coriander Bunch (Kottambari Soppu),100 g,18,21,100.0,kg,180.0,
blinkit,Bengaluru,560034,curd,ok,Amul Masti Pouch Curd,450 g,40,40,450.0,kg,88.89,
blinkit,Bengaluru,560034,dal,ok,Tata Sampann Unpolished Toor Dal (Togari Bele),1 kg,163,224,1000.0,kg,163.0,
blinkit,Bengaluru,560034,detergent,ok,Surf Excel Easy Wash Detergent Powder,1 kg,172,172,1000.0,kg,172.0,
blinkit,Bengaluru,560034,eggs,ok,Nutri Hatch Farm Fresh White Eggs,6 pcs,53,60,6,pc,8.83,
blinkit,Bengaluru,560034,garlic,ok,Garlic (Bellulli),100 g,40,47,100.0,kg,400.0,
blinkit,Bengaluru,560034,ghee,ok,Amul Cow Ghee (Hasuvina Tuppa),1 ltr,648,705,1000.0,l,648.0,
blinkit,Bengaluru,560034,ginger,ok,Ginger,100 g,21,24,100.0,kg,210.0,
blinkit,Bengaluru,560034,maggi,ok,Maggi Masala - 2 Minutes Instant Noodles Made With Quality Spices,280 g,60,60,280.0,100g,21.43,
blinkit,Bengaluru,560034,milk,ok,Amul Taaza Toned Milk,500 ml,29,29,500.0,l,58.0,
blinkit,Bengaluru,560034,oil,ok,Fortune Refined Sunflower Oil,1 ltr,166,220,1000.0,l,166.0,
blinkit,Bengaluru,560034,onion,ok,Onion (Eerulli),1 kg,66,75,1000.0,kg,66.0,
blinkit,Bengaluru,560034,paneer,ok,Amul Fresh Malai Paneer,200 g,105,105,200.0,kg,525.0,
blinkit,Bengaluru,560034,parleg,ok,Parle-G Glucose Biscuit,250 g,30,30,250.0,100g,12.0,
blinkit,Bengaluru,560034,potato,ok,Potato (Alugadde),1 kg,27,31,1000.0,kg,27.0,
blinkit,Bengaluru,560034,rice,ok,India Gate Feast Rozana Basmati Rice (Medium Grain) (Basmati Akki),1 kg,104,125,1000.0,kg,104.0,
blinkit,Bengaluru,560034,salt,ok,Tata Salt Vacuum® Evaporated Iodised (Uppu),1 kg,29,32,1000.0,kg,29.0,
blinkit,Bengaluru,560034,sugar,ok,Whole Farm Grocery Sugar (Packet) (Sakkare),1 kg,62,95,1000.0,kg,62.0,
blinkit,Bengaluru,560034,tea,ok,Tata Tea Premium Tea,250 g,135,135,250.0,100g,54.0,
blinkit,Bengaluru,560034,tomato,ok,Hybrid Tomato,500 g,19,23,500.0,kg,38.0,
blinkit,Bengaluru,560034,toothpaste,ok,Colgate Strong Teeth Anticavity Toothpaste (150 g),150 g,103,103,150.0,100g,68.67,
blinkit,Bengaluru,560034,turmeric,ok,Everest Turmeric Powder/Haldi (Arshina Pudi),100 g,40,48,100.0,100g,40.0,
blinkit,Bengaluru,560034,vim,ok,Vim Lemon Dishwash Bar (275 g),275 g,20,20,275.0,100g,7.27,
blinkit,Chennai,600020,atta,ok,Aashirvaad Superior MP Chakki Atta 0% MAIDA 100% ATTA (Godhumai Maavu),5 kg,315,358,5000.0,kg,63.0,
blinkit,Chennai,600020,bhindi,ok,Lady Finger Pack of 2 (Vendaikkai),2 x 250 g,31,40,500.0,kg,62.0,
blinkit,Chennai,600020,butter,oos,Amul Salted Butter,100 g,63,63,100.0,100g,63.0,
blinkit,Chennai,600020,carrot,ok,Orange Carrot (Local Carrot),500 g,30,37,500.0,kg,60.0,
blinkit,Chennai,600020,chilli,ok,Green Chilli (Pachai Milagaai),100 g,14,16,100.0,kg,140.0,
blinkit,Chennai,600020,coriander,ok,Coriander Bunch (Kothamalli),100 g,20,24,100.0,kg,200.0,
blinkit,Chennai,600020,curd,ok,Amul Masti Pouch Curd,450 g,40,40,450.0,kg,88.89,
blinkit,Chennai,600020,dal,ok,Tata Sampann Unpolished Gulbarga Toor Dal,1 kg,188,245,1000.0,kg,188.0,
blinkit,Chennai,600020,detergent,ok,Surf Excel Easy Wash Detergent Powder,1 kg,189,189,1000.0,kg,189.0,
blinkit,Chennai,600020,eggs,ok,K.K.P Eggs White Eggs,6 pcs,54,65,6,pc,9.0,
blinkit,Chennai,600020,garlic,ok,Garlic (Poondu),200 g,62,74,200.0,kg,310.0,
blinkit,Chennai,600020,ghee,ok,Amul Cow Ghee (Nei),1 ltr,678,705,1000.0,l,678.0,
blinkit,Chennai,600020,ginger,ok,Ginger (Inji),200 g,49,60,200.0,kg,245.0,
blinkit,Chennai,600020,maggi,ok,Maggi Masala - 2 Minutes Instant Noodles Made With Quality Spices,280 g,60,60,280.0,100g,21.43,
blinkit,Chennai,600020,milk,ok,Amul Taaza Toned Milk - Pack of 2,2 x 200 ml,34,34,400.0,l,85.0,pack≠std
blinkit,Chennai,600020,oil,ok,Fortune Refined Sunflower Oil,1 ltr,180,215,1000.0,l,180.0,
blinkit,Chennai,600020,onion,ok,Onion (Vengayam),1 kg,69,81,1000.0,kg,69.0,
blinkit,Chennai,600020,paneer,ok,Amul Fresh Malai Paneer,200 g,105,105,200.0,kg,525.0,
blinkit,Chennai,600020,parleg,ok,Parle-G Glucose Biscuit,250 g,30,30,250.0,100g,12.0,
blinkit,Chennai,600020,potato,ok,Potato (Urulaikizhangu),1 kg,28,32,1000.0,kg,28.0,
blinkit,Chennai,600020,rice,ok,India Gate Feast Rozana Basmati Rice (Medium Grain) (Basmati),1 kg,105,125,1000.0,kg,105.0,
blinkit,Chennai,600020,salt,ok,Tata Salt Vacuum® Evaporated Iodised (Uppu),1 kg,29,32,1000.0,kg,29.0,
blinkit,Chennai,600020,sugar,ok,Whole Farm Grocery Sugar (Packet) (Sarkarai),1 kg,67,95,1000.0,kg,67.0,
blinkit,Chennai,600020,tea,ok,Tata Tea Premium Tea,250 g,135,135,250.0,100g,54.0,
blinkit,Chennai,600020,tomato,ok,Hybrid Tomato (Thakkali),500 g,22,27,500.0,kg,44.0,
blinkit,Chennai,600020,toothpaste,ok,Colgate Strong Teeth Anticavity Toothpaste (500 g),2 x 250 g,249,325,500.0,100g,49.8,pack≠std
blinkit,Chennai,600020,turmeric,ok,Everest Turmeric Powder/Haldi (Manjal Podi),100 g,44,48,100.0,100g,44.0,
blinkit,Chennai,600020,vim,ok,Vim Lemon Dishwash Bar (275 g),275 g,20,20,275.0,100g,7.27,
blinkit,New Delhi,110017,atta,ok,"Aashirvaad Shudh Chakki Atta (100% Atta, 0% Maida, 5 Kg)",5 kg,244,267,5000.0,kg,48.8,
blinkit,New Delhi,110017,bhindi,ok,Lady Finger (Bhindi),250 g,14,17,250.0,kg,56.0,
blinkit,New Delhi,110017,butter,ok,Amul Salted Butter,100 g,63,63,100.0,100g,63.0,
blinkit,New Delhi,110017,carrot,ok,Orange Carrot (Gajar),200 g,22,28,200.0,kg,110.0,pack≠std
blinkit,New Delhi,110017,chilli,ok,Green Chilli (Hari Mirch),100 g,20,25,100.0,kg,200.0,
blinkit,New Delhi,110017,coriander,ok,Coriander Bunch (Dhaniya Patta),100 g,36,43,100.0,kg,360.0,
blinkit,New Delhi,110017,curd,ok,Amul Masti Pouch Curd,380 g,35,35,380.0,kg,92.11,
blinkit,New Delhi,110017,dal,ok,Tata Sampann Unpolished Toor Dal,1 kg,179,234,1000.0,kg,179.0,
blinkit,New Delhi,110017,detergent,ok,Surf Excel Easy Wash Detergent Powder,1 kg,152,152,1000.0,kg,152.0,
blinkit,New Delhi,110017,eggs,ok,Eggland Farms White Eggs,6 pcs,54,90,6,pc,9.0,
blinkit,New Delhi,110017,garlic,ok,Garlic (Lehsun),200 g,70,89,200.0,kg,350.0,
blinkit,New Delhi,110017,ghee,ok,Amul Cow Ghee,1 ltr,665,705,1000.0,l,665.0,
blinkit,New Delhi,110017,ginger,ok,Ginger (Adrak),200 g,33,40,200.0,kg,165.0,
blinkit,New Delhi,110017,maggi,ok,Maggi Masala - 2 Minutes Instant Noodles Made With Quality Spices,280 g,60,60,280.0,100g,21.43,
blinkit,New Delhi,110017,milk,ok,Amul Taaza Toned Milk,500 ml,30,30,500.0,l,60.0,
blinkit,New Delhi,110017,oil,ok,Fortune Sunlite Refined Sunflower Oil (800 g),800 g,180,225,879.1,l,204.75,mass→vol
blinkit,New Delhi,110017,onion,ok,Onion (Pyaz),1 kg,67,77,1000.0,kg,67.0,
blinkit,New Delhi,110017,paneer,ok,Amul Fresh Malai Paneer,200 g,95,95,200.0,kg,475.0,
blinkit,New Delhi,110017,parleg,ok,Parle-G Glucose Biscuit,250 g,30,30,250.0,100g,12.0,
blinkit,New Delhi,110017,potato,ok,Potato (Aloo),1 kg,22,25,1000.0,kg,22.0,
blinkit,New Delhi,110017,rice,ok,India Gate Feast Rozana Basmati Rice (Medium Grain),1 kg,109,125,1000.0,kg,109.0,
blinkit,New Delhi,110017,salt,ok,Tata Salt Vacuum® Evaporated Iodised,1 kg,29,32,1000.0,kg,29.0,
blinkit,New Delhi,110017,sugar,ok,Whole Farm Grocery Sugar (Packet),1 kg,68,95,1000.0,kg,68.0,
blinkit,New Delhi,110017,tea,ok,Tata Tea Premium Tea,250 g,130,130,250.0,100g,52.0,
blinkit,New Delhi,110017,tomato,ok,Hybrid Tomato (Tamatar),500 g,31,36,500.0,kg,62.0,
blinkit,New Delhi,110017,toothpaste,ok,Colgate Strong Teeth Anticavity Toothpaste (150 g),150 g,103,103,150.0,100g,68.67,
blinkit,New Delhi,110017,turmeric,ok,Everest Turmeric Powder/Haldi,100 g,48,48,100.0,100g,48.0,
blinkit,New Delhi,110017,vim,ok,Vim Lemon Dishwash Bar (275 g),275 g,30,30,275.0,100g,10.91,
blinkit,Gurugram,122002,atta,ok,"Aashirvaad Shudh Chakki Atta (100% Atta, 0% Maida, 5 Kg)",5 kg,244,267,5000.0,kg,48.8,
blinkit,Gurugram,122002,bhindi,ok,Lady Finger (Bhindi),250 g,15,18,250.0,kg,60.0,
blinkit,Gurugram,122002,butter,ok,Amul Salted Butter,100 g,63,63,100.0,100g,63.0,
blinkit,Gurugram,122002,carrot,ok,Orange Carrot (Gajar),200 g,22,28,200.0,kg,110.0,pack≠std
blinkit,Gurugram,122002,chilli,ok,Green Chilli (Hari Mirch),100 g,18,22,100.0,kg,180.0,
blinkit,Gurugram,122002,coriander,ok,Coriander Bunch (Dhaniya Patta),100 g,37,44,100.0,kg,370.0,
blinkit,Gurugram,122002,curd,ok,Amul Masti Pouch Curd,380 g,35,35,380.0,kg,92.11,
blinkit,Gurugram,122002,dal,ok,Tata Sampann Unpolished Toor Dal,1 kg,174,224,1000.0,kg,174.0,
blinkit,Gurugram,122002,detergent,ok,Surf Excel Easy Wash Detergent Powder,1 kg,147,147,1000.0,kg,147.0,
blinkit,Gurugram,122002,eggs,ok,Nature Good White Eggs,6 pcs,55,90,6,pc,9.17,
blinkit,Gurugram,122002,garlic,ok,Garlic (Lehsun),200 g,66,81,200.0,kg,330.0,
blinkit,Gurugram,122002,ghee,ok,Amul Cow Ghee,1 ltr,675,705,1000.0,l,675.0,
blinkit,Gurugram,122002,ginger,ok,Ginger (Adrak),200 g,35,44,200.0,kg,175.0,
blinkit,Gurugram,122002,maggi,ok,Maggi Masala - 2 Minutes Instant Noodles Made With Quality Spices,280 g,60,60,280.0,100g,21.43,
blinkit,Gurugram,122002,milk,ok,Amul Taaza Toned Milk,500 ml,30,30,500.0,l,60.0,
blinkit,Gurugram,122002,oil,ok,Fortune Sunlite Refined Sunflower Oil (800 g),800 g,180,225,879.1,l,204.75,mass→vol
blinkit,Gurugram,122002,onion,ok,Onion (Pyaz),1 kg,67,77,1000.0,kg,67.0,
blinkit,Gurugram,122002,paneer,ok,Amul Fresh Malai Paneer,200 g,95,95,200.0,kg,475.0,
blinkit,Gurugram,122002,parleg,ok,Parle-G Glucose Biscuit,250 g,30,30,250.0,100g,12.0,
blinkit,Gurugram,122002,potato,ok,Potato (Aloo),1 kg,22,25,1000.0,kg,22.0,
blinkit,Gurugram,122002,rice,ok,India Gate Feast Rozana Basmati Rice (Medium Grain),1 kg,109,125,1000.0,kg,109.0,
blinkit,Gurugram,122002,salt,ok,Tata Salt Vacuum® Evaporated Iodised,1 kg,29,32,1000.0,kg,29.0,
blinkit,Gurugram,122002,sugar,ok,Whole Farm Grocery Sugar (Packet),1 kg,66,95,1000.0,kg,66.0,
blinkit,Gurugram,122002,tea,ok,Tata Tea Premium Care Leaf Tea,250 g,137,145,250.0,100g,54.8,
blinkit,Gurugram,122002,tomato,ok,Hybrid Tomato (Tamatar),500 g,33,39,500.0,kg,66.0,
blinkit,Gurugram,122002,toothpaste,ok,Colgate Strong Teeth Anticavity Toothpaste (150 g),150 g,103,103,150.0,100g,68.67,
blinkit,Gurugram,122002,turmeric,ok,Everest Turmeric Powder/Haldi,100 g,48,48,100.0,100g,48.0,
blinkit,Gurugram,122002,vim,ok,Vim Lemon Dishwash Bar (275 g),275 g,30,30,275.0,100g,10.91,
blinkit,Hyderabad,500081,atta,ok,Aashirvaad Superior MP Chakki Atta 0% MAIDA 100% ATTA (Godhuma Pindi),5 kg,310,358,5000.0,kg,62.0,
blinkit,Hyderabad,500081,bhindi,ok,Lady Finger (Bendakaya),250 g,19,24,250.0,kg,76.0,
blinkit,Hyderabad,500081,butter,ok,Amul Salted Butter,100 g,63,63,100.0,100g,63.0,
blinkit,Hyderabad,500081,carrot,ok,Orange Carrot,500 g,41,49,500.0,kg,82.0,
blinkit,Hyderabad,500081,chilli,ok,Green Chilli (Mirapakaya),100 g,13,15,100.0,kg,130.0,
blinkit,Hyderabad,500081,coriander,ok,Coriander Bunch (Kottimeera),100 g,19,22,100.0,kg,190.0,
blinkit,Hyderabad,500081,curd,ok,Amul Masti Pouch Curd,380 g,35,35,380.0,kg,92.11,
blinkit,Hyderabad,500081,dal,ok,Tata Sampann Unpolished Toor Dal (Kandi Pappu),1 kg,175,234,1000.0,kg,175.0,
blinkit,Hyderabad,500081,detergent,ok,Surf Excel Easy Wash Detergent Powder,1 kg,172,172,1000.0,kg,172.0,
blinkit,Hyderabad,500081,eggs,ok,Freshen Eggs Farm Fresh White Eggs (6 pieces),6 pcs,48,72,6,pc,8.0,
blinkit,Hyderabad,500081,garlic,ok,Garlic (Velluli),200 g,61,72,200.0,kg,305.0,
blinkit,Hyderabad,500081,ghee,ok,Amul Cow Ghee (Avu Neyyi),1 ltr,678,705,1000.0,l,678.0,
blinkit,Hyderabad,500081,ginger,ok,Ginger (Allam),200 g,56,64,200.0,kg,280.0,
blinkit,Hyderabad,500081,maggi,ok,Maggi Masala - 2 Minutes Instant Noodles Made With Quality Spices,280 g,60,60,280.0,100g,21.43,
blinkit,Hyderabad,500081,milk,ok,Amul Taaza Toned Milk,500 ml,30,30,500.0,l,60.0,
blinkit,Hyderabad,500081,oil,ok,Fortune Sunlight Refined Sunflower Oil,4.55 kg,904,1020,5000.0,l,180.8,mass→vol;pack≠std
blinkit,Hyderabad,500081,onion,ok,Onion (Ulligadda),1 kg,72,87,1000.0,kg,72.0,
blinkit,Hyderabad,500081,paneer,ok,Amul Fresh Malai Paneer,200 g,97,97,200.0,kg,485.0,
blinkit,Hyderabad,500081,parleg,ok,Parle-G Glucose Biscuit,250 g,30,30,250.0,100g,12.0,
blinkit,Hyderabad,500081,potato,ok,Potato (Bangala Dumpa),1 kg,28,34,1000.0,kg,28.0,
blinkit,Hyderabad,500081,rice,ok,India Gate Feast Rozana Basmati Rice (Medium Grain) (Basmati Biyyam),1 kg,104,125,1000.0,kg,104.0,
blinkit,Hyderabad,500081,salt,ok,Tata Salt Vacuum® Evaporated Iodised (Uppu),1 kg,29,32,1000.0,kg,29.0,
blinkit,Hyderabad,500081,sugar,ok,Whole Farm Grocery Sugar (Packet) (Panchadara),1 kg,69,95,1000.0,kg,69.0,
blinkit,Hyderabad,500081,tea,ok,Tata Tea Premium Tea,250 g,135,135,250.0,100g,54.0,
blinkit,Hyderabad,500081,tomato,ok,Desi Tomato,500 g,25,31,500.0,kg,50.0,
blinkit,Hyderabad,500081,toothpaste,ok,Colgate Strong Teeth Anticavity Toothpaste (150 g),150 g,103,103,150.0,100g,68.67,
blinkit,Hyderabad,500081,turmeric,ok,Everest Turmeric Powder/Haldi (Pasupu Podi),100 g,48,48,100.0,100g,48.0,
blinkit,Hyderabad,500081,vim,ok,Vim Lemon Dishwash Bar (275 g),275 g,20,20,275.0,100g,7.27,
blinkit,Indore,452010,atta,ok,"Aashirvaad Shudh Chakki Atta (100% Atta, 0% Maida, 5 Kg)",5 kg,250,291,5000.0,kg,50.0,
blinkit,Indore,452010,bhindi,ok,Lady Finger Pack of 2 (Bhindi),2 x 250 g,37,48,500.0,kg,74.0,
blinkit,Indore,452010,butter,ok,Amul Salted Butter,100 g,63,63,100.0,100g,63.0,
blinkit,Indore,452010,carrot,ok,Orange Carrot (Gajar),200 g,28,33,200.0,kg,140.0,pack≠std
blinkit,Indore,452010,chilli,ok,Green Chilli (Hari Mirch),100 g,11,12,100.0,kg,110.0,
blinkit,Indore,452010,coriander,ok,Coriander Bunch (Dhaniya Patta),100 g,29,37,100.0,kg,290.0,
blinkit,Indore,452010,curd,ok,Amul Masti Pouch Curd,380 g,35,35,380.0,kg,92.11,
blinkit,Indore,452010,dal,ok,Tata Sampann Unpolished Toor Dal,1 kg,179,224,1000.0,kg,179.0,
blinkit,Indore,452010,detergent,ok,Surf Excel Easy Wash Detergent Powder,1 kg,152,152,1000.0,kg,152.0,
blinkit,Indore,452010,eggs,na,,,,,,pc,,
blinkit,Indore,452010,garlic,ok,Garlic (Lehsun),200 g,57,65,200.0,kg,285.0,
blinkit,Indore,452010,ghee,oos,Amul Pure Ghee,1 ltr,631,660,1000.0,l,631.0,
blinkit,Indore,452010,ginger,ok,Ginger (Adrak),200 g,63,76,200.0,kg,315.0,
blinkit,Indore,452010,maggi,ok,Maggi Masala - 2 Minutes Instant Noodles Made With Quality Spices,280 g,60,60,280.0,100g,21.43,
blinkit,Indore,452010,milk,ok,Amul Taaza Toned Milk - Pack of 2,2 x 200 ml,34,34,400.0,l,85.0,pack≠std
blinkit,Indore,452010,oil,ok,Fortune Sunlite Refined Sunflower Oil (800 g),800 g,182,225,879.1,l,207.03,mass→vol
blinkit,Indore,452010,onion,ok,Onion (Pyaz),1 kg,68,79,1000.0,kg,68.0,
blinkit,Indore,452010,paneer,ok,Amul Fresh Malai Paneer,200 g,92,92,200.0,kg,460.0,
blinkit,Indore,452010,parleg,ok,Parle-G Glucose Biscuit,250 g,30,30,250.0,100g,12.0,
blinkit,Indore,452010,potato,ok,Potato (Aloo),1 kg,24,28,1000.0,kg,24.0,
blinkit,Indore,452010,rice,ok,India Gate Feast Rozana Basmati Rice (Medium Grain),1 kg,109,125,1000.0,kg,109.0,
blinkit,Indore,452010,salt,ok,Tata Salt Vacuum® Evaporated Iodised,1 kg,29,32,1000.0,kg,29.0,
blinkit,Indore,452010,sugar,ok,Whole Farm Grocery Sugar (Packet),1 kg,67,95,1000.0,kg,67.0,
blinkit,Indore,452010,tea,ok,Tata Tea Premium Tea,250 g,120,120,250.0,100g,48.0,
blinkit,Indore,452010,tomato,ok,Hybrid Tomato (Tamatar),500 g,21,26,500.0,kg,42.0,
blinkit,Indore,452010,toothpaste,ok,Colgate Strong Teeth Anticavity Toothpaste (150 g),150 g,103,103,150.0,100g,68.67,
blinkit,Indore,452010,turmeric,ok,Everest Turmeric Powder/Haldi,100 g,42,50,100.0,100g,42.0,
blinkit,Indore,452010,vim,ok,Vim Lemon Dishwash Bar (275 g),275 g,30,30,275.0,100g,10.91,
blinkit,Kolkata,700019,atta,ok,"Aashirvaad Shudh Chakki Atta (100% Atta, 0% Maida, 5 Kg)",5 kg,239,268,5000.0,kg,47.8,
blinkit,Kolkata,700019,bhindi,ok,Lady Finger (Bhindi),250 g,19,24,250.0,kg,76.0,
blinkit,Kolkata,700019,butter,ok,Amul Salted Butter (200 g),200 g,130,130,200.0,100g,65.0,
blinkit,Kolkata,700019,carrot,ok,Orange Carrot (Gajor),500 g,40,47,500.0,kg,80.0,
blinkit,Kolkata,700019,chilli,ok,Green Chilli (Lanka),100 g,14,16,100.0,kg,140.0,
blinkit,Kolkata,700019,coriander,ok,Coriander Bunch (Dhaniya Patti),100 g,23,28,100.0,kg,230.0,
blinkit,Kolkata,700019,curd,ok,Amul Masti Pouch Curd,380 g,35,35,380.0,kg,92.11,
blinkit,Kolkata,700019,dal,ok,Tata Sampann Unpolished Toor Dal (Arhar Dal),1 kg,189,224,1000.0,kg,189.0,
blinkit,Kolkata,700019,detergent,ok,Surf Excel Easy Wash Detergent Powder,1 kg,150,150,1000.0,kg,150.0,
blinkit,Kolkata,700019,eggs,ok,OVO Farm On Day White Eggs,6 pcs,56,70,6,pc,9.33,
blinkit,Kolkata,700019,garlic,ok,Garlic (Lehsun),200 g,47,56,200.0,kg,235.0,
blinkit,Kolkata,700019,ghee,ok,Amul Pure Ghee,1 ltr,660,660,1000.0,l,660.0,
blinkit,Kolkata,700019,ginger,ok,Ginger (Adrak),200 g,23,29,200.0,kg,115.0,
blinkit,Kolkata,700019,maggi,ok,Maggi Masala - 2 Minutes Instant Noodles Made With Quality Spices,280 g,60,60,280.0,100g,21.43,
blinkit,Kolkata,700019,milk,ok,Amul Taaza Toned Milk,500 ml,30,30,500.0,l,60.0,
blinkit,Kolkata,700019,oil,ok,Fortune Sunlite Refined Sunflower Oil (800 g) (Surajmukhi Tel),800 g,183,225,879.1,l,208.16,mass→vol
blinkit,Kolkata,700019,onion,ok,Onion (Peyaj),1 kg,68,79,1000.0,kg,68.0,
blinkit,Kolkata,700019,paneer,ok,Amul Fresh Malai Paneer,200 g,95,95,200.0,kg,475.0,
blinkit,Kolkata,700019,parleg,ok,Parle-G Glucose Biscuit,250 g,30,30,250.0,100g,12.0,
blinkit,Kolkata,700019,potato,ok,New Jyoti Potato (Alu),1 kg,18,21,1000.0,kg,18.0,
blinkit,Kolkata,700019,rice,ok,India Gate Feast Rozana Basmati Rice (Medium Grain) (Basmati Chaal),1 kg,109,125,1000.0,kg,109.0,
blinkit,Kolkata,700019,salt,ok,Tata Salt Vacuum® Evaporated Iodised (Nuun),1 kg,29,32,1000.0,kg,29.0,
blinkit,Kolkata,700019,sugar,ok,Whole Farm Grocery Sugar (Packet) (Chini),1 kg,69,95,1000.0,kg,69.0,
blinkit,Kolkata,700019,tea,ok,Tata Tea Premium Care Leaf Tea,250 g,132,140,250.0,100g,52.8,
blinkit,Kolkata,700019,tomato,ok,Desi Tomato (Tamatar),500 g,33,38,500.0,kg,66.0,
blinkit,Kolkata,700019,toothpaste,ok,Colgate Strong Teeth Anticavity Toothpaste (150 g),150 g,103,103,150.0,100g,68.67,
blinkit,Kolkata,700019,turmeric,ok,Everest Turmeric Powder/Haldi (Haldi Gura),100 g,46,48,100.0,100g,46.0,
blinkit,Kolkata,700019,vim,ok,Vim Lemon Dishwash Bar (275 g),275 g,30,30,275.0,100g,10.91,
blinkit,Lucknow,226010,atta,ok,"Aashirvaad Shudh Chakki Atta (100% Atta, 0% Maida, 5 Kg)",5 kg,245,267,5000.0,kg,49.0,
blinkit,Lucknow,226010,bhindi,ok,Lady Finger Pack of 2 (Bhindi),2 x 250 g,29,37,500.0,kg,58.0,
blinkit,Lucknow,226010,butter,ok,Amul Salted Butter,100 g,63,63,100.0,100g,63.0,
blinkit,Lucknow,226010,carrot,ok,Orange Carrot (Gajar),500 g,31,39,500.0,kg,62.0,
blinkit,Lucknow,226010,chilli,ok,Green Chilli (Hari Mirch),100 g,19,23,100.0,kg,190.0,
blinkit,Lucknow,226010,coriander,ok,Coriander Bunch (Dhaniya Patta),100 g,30,39,100.0,kg,300.0,
blinkit,Lucknow,226010,curd,ok,Amul Masti Pouch Curd,380 g,35,35,380.0,kg,92.11,
blinkit,Lucknow,226010,dal,ok,Tata Sampann Unpolished Toor Dal,1 kg,179,234,1000.0,kg,179.0,
blinkit,Lucknow,226010,detergent,ok,Surf Excel Easy Wash Detergent Powder,1 kg,147,147,1000.0,kg,147.0,
blinkit,Lucknow,226010,eggs,ok,Happinest White Eggs Pack of 6,6 pcs,57,108,6,pc,9.5,
blinkit,Lucknow,226010,garlic,ok,Garlic (Lehsun),200 g,62,74,200.0,kg,310.0,
blinkit,Lucknow,226010,ghee,oos,Amul Cow Ghee,1 ltr,675,705,1000.0,l,675.0,
blinkit,Lucknow,226010,ginger,ok,Ginger (Adrak),200 g,36,45,200.0,kg,180.0,
blinkit,Lucknow,226010,maggi,ok,Maggi Masala - 2 Minutes Instant Noodles Made With Quality Spices,280 g,60,60,280.0,100g,21.43,
blinkit,Lucknow,226010,milk,ok,Amul Taaza Toned Milk,1 ltr,59,59,1000.0,l,59.0,
blinkit,Lucknow,226010,oil,ok,Fortune Sunlite Refined Sunflower Oil (800 g),800 g,181,205,879.1,l,205.89,mass→vol
blinkit,Lucknow,226010,onion,ok,Onion (Pyaz),1 kg,69,81,1000.0,kg,69.0,
blinkit,Lucknow,226010,paneer,ok,Amul Fresh Malai Paneer,200 g,95,95,200.0,kg,475.0,
blinkit,Lucknow,226010,parleg,ok,Parle-G Glucose Biscuit,250 g,30,30,250.0,100g,12.0,
blinkit,Lucknow,226010,potato,ok,Potato (Aloo),1 kg,20,26,1000.0,kg,20.0,
blinkit,Lucknow,226010,rice,ok,India Gate Feast Rozana Basmati Rice (Medium Grain),1 kg,109,125,1000.0,kg,109.0,
blinkit,Lucknow,226010,salt,ok,Tata Salt Vacuum® Evaporated Iodised,1 kg,29,32,1000.0,kg,29.0,
blinkit,Lucknow,226010,sugar,ok,Whole Farm Grocery Sugar (Packet),1 kg,67,95,1000.0,kg,67.0,
blinkit,Lucknow,226010,tea,ok,Tata Tea Premium Care Leaf Tea,250 g,132,140,250.0,100g,52.8,
blinkit,Lucknow,226010,tomato,ok,Hybrid Tomato (Tamatar),500 g,38,47,500.0,kg,76.0,
blinkit,Lucknow,226010,toothpaste,ok,Colgate Strong Teeth Anticavity Toothpaste (150 g),150 g,103,103,150.0,100g,68.67,
blinkit,Lucknow,226010,turmeric,ok,Everest Turmeric Powder/Haldi,100 g,48,48,100.0,100g,48.0,
blinkit,Lucknow,226010,vim,ok,Vim Lemon Dishwash Bar (275 g),275 g,30,30,275.0,100g,10.91,
blinkit,Mumbai,400050,atta,ok,Aashirvaad Superior MP Chakki Atta 0% MAIDA 100% ATTA,5 kg,277,314,5000.0,kg,55.4,
blinkit,Mumbai,400050,bhindi,ok,Premium Lady Finger,250 g,57,71,250.0,kg,228.0,
blinkit,Mumbai,400050,butter,ok,Amul Salted Butter,100 g,63,63,100.0,100g,63.0,
blinkit,Mumbai,400050,carrot,ok,Ooty Carrot 500 g (Ooty Gajar),500 g,44,51,500.0,kg,88.0,
blinkit,Mumbai,400050,chilli,ok,Green Chilli (Hiravi Mirchi),100 g,12,14,100.0,kg,120.0,
blinkit,Mumbai,400050,coriander,ok,Coriander Bunch (Kothimbir),100 g,18,21,100.0,kg,180.0,
blinkit,Mumbai,400050,curd,ok,Amul Masti Pouch Curd,500 g,45,45,500.0,kg,90.0,
blinkit,Mumbai,400050,dal,ok,Tata Sampann Unpolished Toor Dal,1 kg,182,224,1000.0,kg,182.0,
blinkit,Mumbai,400050,detergent,ok,Surf Excel Easy Wash Detergent Powder,1 kg,172,172,1000.0,kg,172.0,
blinkit,Mumbai,400050,eggs,ok,Table White Eggs (6 pcs),6 pcs,57,85,6,pc,9.5,
blinkit,Mumbai,400050,garlic,ok,Garlic Ekali (Lasun),200 g,54,68,200.0,kg,270.0,
blinkit,Mumbai,400050,ghee,ok,Amul Pure Ghee (Pouch),500 ml,335,335,500.0,l,670.0,
blinkit,Mumbai,400050,ginger,ok,Premium Ginger,200 g,89,103,200.0,kg,445.0,
blinkit,Mumbai,400050,maggi,ok,Maggi Masala - 2 Minutes Instant Noodles Made With Quality Spices,280 g,60,60,280.0,100g,21.43,
blinkit,Mumbai,400050,milk,ok,Amul Taaza Toned Milk,500 ml,30,30,500.0,l,60.0,
blinkit,Mumbai,400050,oil,ok,Fortune Sunlite Refined Sunflower Oil (800 g),800 g,179,225,879.1,l,203.61,mass→vol
blinkit,Mumbai,400050,onion,ok,Onion (Kanda),1 kg,63,80,1000.0,kg,63.0,
blinkit,Mumbai,400050,paneer,ok,Amul Fresh Malai Paneer,200 g,95,95,200.0,kg,475.0,
blinkit,Mumbai,400050,parleg,ok,Parle-G Glucose Biscuit,250 g,30,30,250.0,100g,12.0,
blinkit,Mumbai,400050,potato,ok,Potato (Batata),1 kg,26,31,1000.0,kg,26.0,
blinkit,Mumbai,400050,rice,ok,India Gate Feast Rozana Basmati Rice (Medium Grain),1 kg,109,125,1000.0,kg,109.0,
blinkit,Mumbai,400050,salt,ok,Tata Salt Vacuum® Evaporated Iodised,1 kg,29,32,1000.0,kg,29.0,
blinkit,Mumbai,400050,sugar,ok,Whole Farm Grocery Sugar (Packet),1 kg,64,95,1000.0,kg,64.0,
blinkit,Mumbai,400050,tea,ok,Tata Tea Premium Tea,250 g,135,135,250.0,100g,54.0,
blinkit,Mumbai,400050,tomato,ok,Hybrid Tomato,500 g,21,26,500.0,kg,42.0,
blinkit,Mumbai,400050,toothpaste,ok,Colgate Strong Teeth Anticavity Toothpaste (150 g),150 g,103,103,150.0,100g,68.67,
blinkit,Mumbai,400050,turmeric,ok,Everest Turmeric Powder/Haldi,100 g,42,50,100.0,100g,42.0,
blinkit,Mumbai,400050,vim,ok,Vim Lemon Dishwash Bar (275 g),275 g,30,30,275.0,100g,10.91,
blinkit,Pune,411038,atta,na,,,,,,kg,,
blinkit,Pune,411038,bhindi,ok,Lady Finger (Bhendi),250 g,15,18,250.0,kg,60.0,
blinkit,Pune,411038,butter,oos,Amul Salted Butter,100 g,63,63,100.0,100g,63.0,
blinkit,Pune,411038,carrot,ok,Ozone Washed Ooty Carrot (Pesticide Cleaned),260 g,33,39,260.0,kg,126.92,
blinkit,Pune,411038,chilli,ok,Green Chilli (Hiravi Mirchi),100 g,11,12,100.0,kg,110.0,
blinkit,Pune,411038,coriander,ok,Coriander Bunch (Kothimbir),100 g,17,19,100.0,kg,170.0,
blinkit,Pune,411038,curd,ok,Amul Masti Pouch Curd,500 g,45,45,500.0,kg,90.0,
blinkit,Pune,411038,dal,ok,Tata Sampann Unpolished Toor Dal,1 kg,179,234,1000.0,kg,179.0,
blinkit,Pune,411038,detergent,ok,Surf Excel Easy Wash Detergent Powder,1 kg,172,172,1000.0,kg,172.0,
blinkit,Pune,411038,eggs,ok,Table White White Eggs,10 pcs,92,145,10,pc,9.2,
blinkit,Pune,411038,garlic,ok,Garlic (Lasun),200 g,56,72,200.0,kg,280.0,
blinkit,Pune,411038,ghee,oos,Amul Cow Ghee,500 ml,345,355,500.0,l,690.0,
blinkit,Pune,411038,ginger,ok,Ozone Washed Ginger (Pesticide Cleaned),200 g,67,80,200.0,kg,335.0,
blinkit,Pune,411038,maggi,ok,Maggi Masala - 2 Minutes Instant Noodles Made With Quality Spices,280 g,60,60,280.0,100g,21.43,
blinkit,Pune,411038,milk,ok,Amul Taaza Toned Milk - Pack of 2,2 x 200 ml,34,34,400.0,l,85.0,pack≠std
blinkit,Pune,411038,oil,oos,Fortune Sunlite Refined Sunflower Oil (800 g),800 g,192,225,879.1,l,218.4,mass→vol
blinkit,Pune,411038,onion,ok,Onion (Kanda),1 kg,73,89,1000.0,kg,73.0,
blinkit,Pune,411038,paneer,ok,Amul Fresh Malai Paneer,200 g,95,95,200.0,kg,475.0,
blinkit,Pune,411038,parleg,ok,Parle-G Glucose Biscuit,250 g,30,30,250.0,100g,12.0,
blinkit,Pune,411038,potato,ok,Potato (Batata),1 kg,32,38,1000.0,kg,32.0,
blinkit,Pune,411038,rice,ok,India Gate Feast Rozana Basmati Rice (Medium Grain),1 kg,109,125,1000.0,kg,109.0,
blinkit,Pune,411038,salt,ok,Tata Salt Vacuum® Evaporated Iodised,1 kg,29,32,1000.0,kg,29.0,
blinkit,Pune,411038,sugar,ok,Whole Farm Grocery Sugar (Packet),1 kg,70,95,1000.0,kg,70.0,
blinkit,Pune,411038,tea,ok,Tata Tea Premium Tea,250 g,155,155,250.0,100g,62.0,
blinkit,Pune,411038,tomato,ok,Hybrid Tomato,500 g,20,24,500.0,kg,40.0,
blinkit,Pune,411038,toothpaste,ok,Colgate Strong Teeth Anticavity Toothpaste (150 g),150 g,103,103,150.0,100g,68.67,
blinkit,Pune,411038,turmeric,ok,Everest Turmeric Powder/Haldi,100 g,42,50,100.0,100g,42.0,
blinkit,Pune,411038,vim,ok,Vim Lemon Dishwash Bar (275 g),275 g,30,30,275.0,100g,10.91,
flipkart,Bengaluru,560034,atta,ok,AASHIRVAAD Superior MP Atta,10 kg,546,654,10000.0,kg,54.6,
flipkart,Bengaluru,560034,bhindi,ok,Lady's Finger,480-520g,29,29,500.0,kg,58.0,
flipkart,Bengaluru,560034,butter,ok,Amul Pasteurised Salted Butter,100 g,63,63,100.0,100g,63.0,
flipkart,Bengaluru,560034,carrot,ok,SOOOW GOOD Local Carrot(with leaves),450-550g,52,64,500.0,kg,104.0,
flipkart,Bengaluru,560034,chilli,ok,Green Chilli,70-80g,9,35,75.0,kg,120.0,
flipkart,Bengaluru,560034,coriander,ok,Coriander Leaves,190-210g,22,101,200.0,kg,110.0,
flipkart,Bengaluru,560034,curd,ok,Amul Masti Dahi Plain Curd,400 g,50,50,400.0,kg,125.0,
flipkart,Bengaluru,560034,dal,ok,Tata Sampann Unpolished Yellow Toor/Arhar Dal,2 kg,339,488,2000.0,kg,169.5,
flipkart,Bengaluru,560034,detergent,ok,Surf excel Easy Wash Detergent Powder,1 kg,168,172,1000.0,kg,168.0,
flipkart,Bengaluru,560034,eggs,ok,Delish Fresh White Eggs,6 Units,51,65,6,pc,8.5,
flipkart,Bengaluru,560034,garlic,ok,Garlic,240-260g,79,108,250.0,kg,316.0,
flipkart,Bengaluru,560034,ghee,ok,Amul Cow Ghee Tetrapack,500 ml,360,360,500.0,l,720.0,
flipkart,Bengaluru,560034,ginger,ok,SOOOW GOOD Ginger,190-210g(2bunches),63,90,200.0,kg,315.0,
flipkart,Bengaluru,560034,maggi,ok,Maggi 2-Minute Masala Instant Noodles,560 g,120,120,560.0,100g,21.43,
flipkart,Bengaluru,560034,milk,ok,Amul Taaza Toned Milk,500 ml,29,29,500.0,l,58.0,
flipkart,Bengaluru,560034,oil,ok,FORTUNE Refined Sunflower Oil,910 g,180,215,1000.0,l,180.0,mass→vol
flipkart,Bengaluru,560034,onion,ok,Onion,0.95-1.05Kg,65,109,1000.0,kg,65.0,
flipkart,Bengaluru,560034,paneer,ok,Amul Malai Paneer,200 g,105,105,200.0,kg,525.0,
flipkart,Bengaluru,560034,parleg,ok,PARLE G Original Gluco Biscuits Plain Biscuit,200 g,30,30,200.0,100g,15.0,
flipkart,Bengaluru,560034,potato,ok,New Crop Potato,0.95-1.05Kg,25,65,1000.0,kg,25.0,
flipkart,Bengaluru,560034,rice,ok,INDIA GATE All Rounder Feast Rozzana Basmati Rice (Medium Gr,1 kg,107,125,1000.0,kg,107.0,
flipkart,Bengaluru,560034,salt,ok,Tata Salt Vacuum Evaporated Iodized Salt,1 kg,28,32,1000.0,kg,28.0,
flipkart,Bengaluru,560034,sugar,ok,White Sugar,1 kg Pouch,65,100,1000.0,kg,65.0,
flipkart,Bengaluru,560034,tea,ok,"Tata Tea Premium Desh Ki Chai, Crafted For Chai Lovers Acros",1 kg Pouch,492,540,1000.0,100g,49.2,pack≠std
flipkart,Bengaluru,560034,tomato,ok,SOOOW GOOD Tomato Hybrid,450-550g,36,36,500.0,kg,72.0,
flipkart,Bengaluru,560034,toothpaste,ok,Colgate Strong Teeth 2X Stronger Toothpaste,300 g,167,208,300.0,100g,55.67,
flipkart,Bengaluru,560034,turmeric,ok,EVEREST Turmeric Powder,200 g,96,96,200.0,100g,48.0,
flipkart,Bengaluru,560034,vim,ok,Vim Dishwash Bar,275 g,19,20,275.0,100g,6.91,
flipkart,Chennai,600020,atta,ok,AASHIRVAAD Superior MP Atta,10 kg,570,570,10000.0,kg,57.0,
flipkart,Chennai,600020,bhindi,ok,Lady's Finger,480-520g,27,27,500.0,kg,54.0,
flipkart,Chennai,600020,butter,na,,,,,,100g,,
flipkart,Chennai,600020,carrot,ok,Ooty Carrot,450-550g,43,43,500.0,kg,86.0,
flipkart,Chennai,600020,chilli,ok,Green Chilli,70-80g,9,9,75.0,kg,120.0,
flipkart,Chennai,600020,coriander,oos,Coriander,100 g,11,11,100.0,kg,110.0,
flipkart,Chennai,600020,curd,ok,Amul Masti Dahi TUB Plain Curd,1 kg,128,128,1000.0,kg,128.0,pack≠std
flipkart,Chennai,600020,dal,ok,Tata Sampann Unpolished Toor/Arhar Dal,1 kg,228,228,1000.0,kg,228.0,
flipkart,Chennai,600020,detergent,ok,Surf excel Easy Wash Detergent Powder,1 kg,132,132,1000.0,kg,132.0,
flipkart,Chennai,600020,eggs,ok,Delish Fresh White Eggs,6 Units,52,52,6,pc,8.67,
flipkart,Chennai,600020,garlic,ok,Hill Garlic(Kodaikanal),190-210g,78,78,200.0,kg,390.0,
flipkart,Chennai,600020,ghee,na,,,,,,l,,
flipkart,Chennai,600020,ginger,ok,Ginger,240-260g,60,60,250.0,kg,240.0,
flipkart,Chennai,600020,maggi,ok,Maggi 2-Minute Masala Instant Noodles,140 g,30,30,140.0,100g,21.43,
flipkart,Chennai,600020,milk,ok,Amul Taaza Toned Milk,1 L,77,77,1000.0,l,77.0,
flipkart,Chennai,600020,oil,ok,FORTUNE Refined Sunflower Oil,910 g,180,180,1000.0,l,180.0,mass→vol
flipkart,Chennai,600020,onion,ok,Onion,0.95-1.05Kg,67,67,1000.0,kg,67.0,
flipkart,Chennai,600020,paneer,ok,Amul Malai Paneer,200 g,105,105,200.0,kg,525.0,
flipkart,Chennai,600020,parleg,ok,PARLE G Original Gluco Biscuits Plain Biscuit,200 g,30,30,200.0,100g,15.0,
flipkart,Chennai,600020,potato,ok,Potato,1 kg,27,27,1000.0,kg,27.0,
flipkart,Chennai,600020,rice,ok,"INDIA GATE All Rounder Feast Rozzana Basmati Rice (Medium Grain, Polis",1 kg,110,110,1000.0,kg,110.0,
flipkart,Chennai,600020,salt,ok,Tata Salt Vacuum Evaporated Iodized Salt,1 kg,32,32,1000.0,kg,32.0,
flipkart,Chennai,600020,sugar,ok,White Sugar,1 kg,65,65,1000.0,kg,65.0,
flipkart,Chennai,600020,tea,ok,"Tata Tea Premium Desh Ki Chai, Unique Blend Crafted Loose Leaf Herbal ",600 g,220,220,600.0,100g,36.67,pack≠std
flipkart,Chennai,600020,tomato,na,,,,,,kg,,
flipkart,Chennai,600020,toothpaste,ok,Colgate Strong Teeth 2X Strengthening Toothpaste,200 g,118,118,200.0,100g,59.0,
flipkart,Chennai,600020,turmeric,ok,EVEREST Turmeric Powder,200 g,88,88,200.0,100g,44.0,
flipkart,Chennai,600020,vim,ok,Vim Dishwash Bar,275 g,20,20,275.0,100g,7.27,
flipkart,New Delhi,110017,atta,ok,AASHIRVAAD Shudh Chakki Atta,10 kg,458,499,10000.0,kg,45.8,
flipkart,New Delhi,110017,bhindi,ok,Lady's Finger,480-520g,22,102,500.0,kg,44.0,
flipkart,New Delhi,110017,butter,na,,,,,,100g,,
flipkart,New Delhi,110017,carrot,ok,Ooty Carrot,450-550g,45,45,500.0,kg,90.0,
flipkart,New Delhi,110017,chilli,ok,Green Chilli,70-80g,9,35,75.0,kg,120.0,
flipkart,New Delhi,110017,coriander,ok,Coriander Leaves(without roots),90-100g,35,81,95.0,kg,368.42,
flipkart,New Delhi,110017,curd,ok,Amul Masti Dahi Plain Curd,380 g,35,35,380.0,kg,92.11,
flipkart,New Delhi,110017,dal,ok,Tata Sampann Unpolished Toor/Arhar Dal,500 g,102,118,500.0,kg,204.0,
flipkart,New Delhi,110017,detergent,ok,Surf excel Easy Wash Detergent Powder,1 kg,144,147,1000.0,kg,144.0,
flipkart,New Delhi,110017,eggs,ok,Delish White Eggs,10 Units,89,130,10,pc,8.9,
flipkart,New Delhi,110017,garlic,ok,Garlic,190-210g,61,78,200.0,kg,305.0,
flipkart,New Delhi,110017,ghee,ok,Amul Cow Ghee Tetrapack,500 ml,360,360,500.0,l,720.0,
flipkart,New Delhi,110017,ginger,ok,Ginger,190-210g,34,71,200.0,kg,170.0,
flipkart,New Delhi,110017,maggi,ok,Maggi 2-Minute Masala Instant Noodles,560 g,107,120,560.0,100g,19.11,
flipkart,New Delhi,110017,milk,ok,Amul Taaza Toned Milk,500 ml,30,30,500.0,l,60.0,
flipkart,New Delhi,110017,oil,ok,FORTUNE Sunlite Refined Sunflower Oil,1.74 kg,397,425,1912.1,l,207.63,mass→vol
flipkart,New Delhi,110017,onion,ok,Onion,0.95-1.05Kg,66,109,1000.0,kg,66.0,
flipkart,New Delhi,110017,paneer,ok,Amul Malai Paneer,200 g,95,95,200.0,kg,475.0,
flipkart,New Delhi,110017,parleg,ok,PARLE G Original Gluco Biscuits Plain Biscuit,200 g,30,30,200.0,100g,15.0,
flipkart,New Delhi,110017,potato,ok,New Crop Potato,1.95-2.05Kg,41,109,2000.0,kg,20.5,
flipkart,New Delhi,110017,rice,ok,INDIA GATE All Rounder Feast Rozzana Basmati Rice (Medium Gr,1 kg,104,125,1000.0,kg,104.0,
flipkart,New Delhi,110017,salt,ok,Tata Salt Vacuum Evaporated Iodized Salt,1 kg,29,32,1000.0,kg,29.0,
flipkart,New Delhi,110017,sugar,ok,White Sugar,1 kg Pouch,70,90,1000.0,kg,70.0,
flipkart,New Delhi,110017,tea,ok,"Tata Tea Premium Desh Ki Chai, Crafted For Chai Lovers Acros",250 g Pouch,133,140,250.0,100g,53.2,
flipkart,New Delhi,110017,tomato,ok,Local Tomato,450-550g,31,60,500.0,kg,62.0,
flipkart,New Delhi,110017,toothpaste,ok,Colgate Strong Teeth 2X Stronger Toothpaste,300 g,167,208,300.0,100g,55.67,
flipkart,New Delhi,110017,turmeric,oos,EVEREST Haldi / Turmeric Powder,100 g,48,48,100.0,100g,48.0,
flipkart,New Delhi,110017,vim,ok,Vim Dishwash Bar,275 g,30,30,275.0,100g,10.91,
flipkart,Gurugram,122002,atta,ok,AASHIRVAAD MP Chakki Atta,5 kg,239,239,5000.0,kg,47.8,
flipkart,Gurugram,122002,bhindi,ok,Lady's Finger,480-520g,24,24,500.0,kg,48.0,
flipkart,Gurugram,122002,butter,ok,Amul Pasteurised Salted Butter,500 g,310,310,500.0,100g,62.0,pack≠std
flipkart,Gurugram,122002,carrot,ok,Ooty Carrot,450-550g,45,45,500.0,kg,90.0,
flipkart,Gurugram,122002,chilli,ok,Green Chilli,70-80g,9,9,75.0,kg,120.0,
flipkart,Gurugram,122002,coriander,ok,Coriander Leaves(without roots),90-100g,35,35,95.0,kg,368.42,
flipkart,Gurugram,122002,curd,ok,Amul Masti Dahi Plain Curd,380 g,35,35,380.0,kg,92.11,
flipkart,Gurugram,122002,dal,ok,Tata Sampann Unpolished Toor/Arhar Dal,500 g,101,101,500.0,kg,202.0,
flipkart,Gurugram,122002,detergent,ok,Surf excel Easy Wash Detergent Powder,1 kg,144,144,1000.0,kg,144.0,
flipkart,Gurugram,122002,eggs,ok,Dr.hen Table White Eggs,6 Units,82,82,6,pc,13.67,
flipkart,Gurugram,122002,garlic,ok,Garlic,190-210g,62,62,200.0,kg,310.0,
flipkart,Gurugram,122002,ghee,ok,Amul Pure Ghee Plastic Bottle,1 L,670,670,1000.0,l,670.0,
flipkart,Gurugram,122002,ginger,na,,,,,,kg,,
flipkart,Gurugram,122002,maggi,ok,Maggi 2-Minute Masala Instant Noodles,140 g,30,30,140.0,100g,21.43,
flipkart,Gurugram,122002,milk,ok,Amul Taaza Toned Milk,500 ml,30,30,500.0,l,60.0,
flipkart,Gurugram,122002,oil,ok,FORTUNE Sunlite Refined Sunflower Oil,800 g,189,189,879.1,l,214.99,mass→vol
flipkart,Gurugram,122002,onion,ok,Onion,0.95-1.05Kg,66,66,1000.0,kg,66.0,
flipkart,Gurugram,122002,paneer,ok,Amul Malai Paneer,200 g,95,95,200.0,kg,475.0,
flipkart,Gurugram,122002,parleg,ok,PARLE G Original Gluco Biscuits Plain Biscuit,200 g,29,29,200.0,100g,14.5,
flipkart,Gurugram,122002,potato,ok,Captain Punch Potato,0.95-1.05Kg,29,29,1000.0,kg,29.0,
flipkart,Gurugram,122002,rice,ok,"INDIA GATE All Rounder Feast Rozzana Basmati Rice (Medium Grain, Polis",1 kg,101,101,1000.0,kg,101.0,
flipkart,Gurugram,122002,salt,ok,Tata Salt Vacuum Evaporated Iodized Salt,1 kg,29,29,1000.0,kg,29.0,
flipkart,Gurugram,122002,sugar,ok,FORTUNE White Sugar,5 kg,373,373,5000.0,kg,74.6,pack≠std
flipkart,Gurugram,122002,tea,ok,"Tata Tea Premium Desh Ki Chai, Crafted For Chai Lovers Across India Te",250 g,130,130,250.0,100g,52.0,
flipkart,Gurugram,122002,tomato,na,,,,,,kg,,
flipkart,Gurugram,122002,toothpaste,ok,Colgate Strong Teeth 2X Strengthening Toothpaste,200 g,118,118,200.0,100g,59.0,
flipkart,Gurugram,122002,turmeric,oos,EVEREST Haldi / Turmeric Powder,100 g,48,48,100.0,100g,48.0,
flipkart,Gurugram,122002,vim,ok,Vim Dishwash Bar,275 g,30,30,275.0,100g,10.91,
flipkart,Hyderabad,500081,atta,ok,AASHIRVAAD Superior MP Atta,10 kg,573,573,10000.0,kg,57.3,
flipkart,Hyderabad,500081,bhindi,ok,Lady's Finger,480-520g,36,36,500.0,kg,72.0,
flipkart,Hyderabad,500081,butter,ok,Amul Pasteurised Salted Butter,100 g,63,63,100.0,100g,63.0,
flipkart,Hyderabad,500081,carrot,ok,Local Carrot,230-280g,9,9,255.0,kg,35.29,
flipkart,Hyderabad,500081,chilli,ok,Green Chilli,70-80g,9,9,75.0,kg,120.0,
flipkart,Hyderabad,500081,coriander,oos,Coriander,100 g,10,10,100.0,kg,100.0,
flipkart,Hyderabad,500081,curd,ok,Amul Masti Dahi Plain Curd,380 g,35,35,380.0,kg,92.11,
flipkart,Hyderabad,500081,dal,ok,Tata Sampann Unpolished Toor/Arhar Dal,1 kg,228,228,1000.0,kg,228.0,
flipkart,Hyderabad,500081,detergent,ok,Surf excel Easy Wash Detergent Powder,1 kg,167,167,1000.0,kg,167.0,
flipkart,Hyderabad,500081,eggs,ok,GVR White Eggs,6 Units,45,45,6,pc,7.5,
flipkart,Hyderabad,500081,garlic,ok,Garlic,240-260g,57,57,250.0,kg,228.0,
flipkart,Hyderabad,500081,ghee,ok,Amul Cow Ghee Pouch,1 L,695,695,1000.0,l,695.0,
flipkart,Hyderabad,500081,ginger,ok,Ginger,240-260g,66,66,250.0,kg,264.0,
flipkart,Hyderabad,500081,maggi,ok,Maggi 2-Minute Masala Instant Noodles,140 g,30,30,140.0,100g,21.43,
flipkart,Hyderabad,500081,milk,ok,Amul Taaza Toned Milk,500 ml,30,30,500.0,l,60.0,
flipkart,Hyderabad,500081,oil,ok,FORTUNE Refined Sunflower Oil,910 g,190,190,1000.0,l,190.0,mass→vol
flipkart,Hyderabad,500081,onion,ok,Onion,0.95-1.05Kg,65,65,1000.0,kg,65.0,
flipkart,Hyderabad,500081,paneer,ok,Amul Malai Paneer,200 g,94,94,200.0,kg,470.0,
flipkart,Hyderabad,500081,parleg,ok,PARLE G Original Gluco Biscuits Plain Biscuit,200 g,30,30,200.0,100g,15.0,
flipkart,Hyderabad,500081,potato,ok,New Crop Potato,1.95-2.05Kg,55,55,2000.0,kg,27.5,
flipkart,Hyderabad,500081,rice,ok,"INDIA GATE All Rounder Feast Rozzana Basmati Rice (Medium Grain, Polis",1 kg,104,104,1000.0,kg,104.0,
flipkart,Hyderabad,500081,salt,ok,Tata Salt Iodized Salt Sprinkler,180 g,45,45,180.0,kg,250.0,pack≠std
flipkart,Hyderabad,500081,sugar,ok,White Sugar,1 kg,68,68,1000.0,kg,68.0,
flipkart,Hyderabad,500081,tea,ok,"Tata Tea Premium Desh Ki Chai, Unique Blend Crafted Loose Leaf Herbal ",600 g,220,220,600.0,100g,36.67,pack≠std
flipkart,Hyderabad,500081,tomato,ok,Hybrid Tomato,450-550g,25,25,500.0,kg,50.0,
flipkart,Hyderabad,500081,toothpaste,ok,Colgate Strong Teeth 2X Strengthening Toothpaste,200 g,118,118,200.0,100g,59.0,
flipkart,Hyderabad,500081,turmeric,ok,EVEREST Turmeric Powder,200 g,96,96,200.0,100g,48.0,
flipkart,Hyderabad,500081,vim,ok,Vim Dishwash Bar,275 g,20,20,275.0,100g,7.27,
flipkart,Indore,452010,atta,ok,AASHIRVAAD Superior MP Atta,10 kg,532,532,10000.0,kg,53.2,
flipkart,Indore,452010,bhindi,ok,Lady's Finger,480-520g,25,25,500.0,kg,50.0,
flipkart,Indore,452010,butter,na,,,,,,100g,,
flipkart,Indore,452010,carrot,ok,Ooty Carrot,450-550g,30,30,500.0,kg,60.0,
flipkart,Indore,452010,chilli,ok,Green Chilli,70-80g,9,9,75.0,kg,120.0,
flipkart,Indore,452010,coriander,ok,Coriander,100 g,9,9,100.0,kg,90.0,
flipkart,Indore,452010,curd,ok,Amul Masti Dahi Plain Curd,380 g,34,34,380.0,kg,89.47,
flipkart,Indore,452010,dal,ok,Tata Sampann Unpolished Toor/Arhar Dal,500 g,103,103,500.0,kg,206.0,
flipkart,Indore,452010,detergent,na,,,,,,kg,,
flipkart,Indore,452010,eggs,na,,,,,,pc,,
flipkart,Indore,452010,garlic,ok,Garlic,70-80g,9,9,75.0,kg,120.0,pack≠std
flipkart,Indore,452010,ghee,ok,Amul Cow Ghee Pouch,1 L,681,681,1000.0,l,681.0,
flipkart,Indore,452010,ginger,ok,Ginger,190-210g,46,46,200.0,kg,230.0,
flipkart,Indore,452010,maggi,ok,Maggi 2-Minute Masala Instant Noodles,140 g,29,29,140.0,100g,20.71,
flipkart,Indore,452010,milk,ok,Amul Taaza Toned Milk,500 ml,28,28,500.0,l,56.0,
flipkart,Indore,452010,oil,ok,FORTUNE Sunlite Refined Sunflower Oil,800 g,204,204,879.1,l,232.05,mass→vol
flipkart,Indore,452010,onion,ok,Onion,0.95-1.05Kg,56,56,1000.0,kg,56.0,
flipkart,Indore,452010,paneer,ok,Amul Malai Paneer,200 g,92,92,200.0,kg,460.0,
flipkart,Indore,452010,parleg,ok,PARLE G Original Gluco Biscuits Plain Biscuit,800 g,79,79,800.0,100g,9.88,pack≠std
flipkart,Indore,452010,potato,ok,New Crop Potato,0.95-1.05Kg,22,22,1000.0,kg,22.0,
flipkart,Indore,452010,rice,ok,"INDIA GATE All Rounder Feast Rozzana Basmati Rice (Medium Grain, Polis",5 kg,476,476,5000.0,kg,95.2,pack≠std
flipkart,Indore,452010,salt,ok,Tata Salt Vacuum Evaporated Iodized Salt,1 kg,28,28,1000.0,kg,28.0,
flipkart,Indore,452010,sugar,ok,MADHUR Pure and Hygienic Refined Sugar,1 kg,65,65,1000.0,kg,65.0,
flipkart,Indore,452010,tea,ok,"Tata Tea Premium Desh Ki Chai, Crafted For Chai Lovers Across India Te",250 g,135,135,250.0,100g,54.0,
flipkart,Indore,452010,tomato,ok,Hybrid Tomato,450-550g,21,21,500.0,kg,42.0,
flipkart,Indore,452010,toothpaste,ok,Colgate Strong Teeth 2X Strengthening Toothpaste,200 g,118,118,200.0,100g,59.0,
flipkart,Indore,452010,turmeric,ok,EVEREST Turmeric Powder,200 g,92,92,200.0,100g,46.0,
flipkart,Indore,452010,vim,ok,Vim Dishwash Bar,275 g,29,29,275.0,100g,10.55,
flipkart,Kolkata,700019,atta,ok,AASHIRVAAD Shudh Chakki Atta,10 kg,467,467,10000.0,kg,46.7,
flipkart,Kolkata,700019,bhindi,ok,Lady's Finger,240-260g,14,14,250.0,kg,56.0,
flipkart,Kolkata,700019,butter,na,,,,,,100g,,
flipkart,Kolkata,700019,carrot,ok,Local Carrot,230-280g,14,14,255.0,kg,54.9,
flipkart,Kolkata,700019,chilli,ok,Green Chilli,70-80g,9,9,75.0,kg,120.0,
flipkart,Kolkata,700019,coriander,ok,Coriander Leaves(without roots),90-100g,25,25,95.0,kg,263.16,
flipkart,Kolkata,700019,curd,ok,Amul Masti Dahi Plain Curd,380 g,35,35,380.0,kg,92.11,
flipkart,Kolkata,700019,dal,ok,Tata Sampann Unpolished Toor/Arhar Dal,500 g,100,100,500.0,kg,200.0,
flipkart,Kolkata,700019,detergent,ok,Surf excel Easy Wash Detergent Powder,500 g,76,76,500.0,kg,152.0,
flipkart,Kolkata,700019,eggs,ok,On-Day Farm Fresh White Eggs,6 Units,53,53,6,pc,8.83,
flipkart,Kolkata,700019,garlic,ok,Garlic,190-210g,37,37,200.0,kg,185.0,
flipkart,Kolkata,700019,ghee,ok,Amul Pure Ghee Tetrapack,1 L,631,631,1000.0,l,631.0,
flipkart,Kolkata,700019,ginger,ok,Ginger,190-210g,23,23,200.0,kg,115.0,
flipkart,Kolkata,700019,maggi,ok,Maggi 2-Minute Masala Instant Noodles,140 g,30,30,140.0,100g,21.43,
flipkart,Kolkata,700019,milk,ok,Amul Taaza Toned Milk,500 ml,30,30,500.0,l,60.0,
flipkart,Kolkata,700019,oil,ok,FORTUNE Sunlite Refined Sunflower Oil,910 g,200,200,1000.0,l,200.0,mass→vol
flipkart,Kolkata,700019,onion,ok,Onion,0.95-1.05Kg,66,66,1000.0,kg,66.0,
flipkart,Kolkata,700019,paneer,ok,Amul Malai Paneer,200 g,95,95,200.0,kg,475.0,
flipkart,Kolkata,700019,parleg,ok,PARLE G Original Gluco Biscuits Plain Biscuit,200 g,30,30,200.0,100g,15.0,
flipkart,Kolkata,700019,potato,ok,Potato,1 kg,18,18,1000.0,kg,18.0,
flipkart,Kolkata,700019,rice,ok,"INDIA GATE All Rounder Feast Rozzana Basmati Rice (Medium Grain, Polis",1 kg,101,101,1000.0,kg,101.0,
flipkart,Kolkata,700019,salt,ok,Tata Salt Vacuum Evaporated Iodized Salt,1 kg,29,29,1000.0,kg,29.0,
flipkart,Kolkata,700019,sugar,ok,White Sugar,1 kg,65,65,1000.0,kg,65.0,
flipkart,Kolkata,700019,tea,ok,"Tata Tea Premium Desh Ki Chai, Crafted For Chai Lovers Across India Te",250 g,120,120,250.0,100g,48.0,
flipkart,Kolkata,700019,tomato,ok,Hybrid Tomato,450-550g,29,29,500.0,kg,58.0,
flipkart,Kolkata,700019,toothpaste,ok,Colgate Strong Teeth 2X Strengthening Toothpaste,200 g,118,118,200.0,100g,59.0,
flipkart,Kolkata,700019,turmeric,ok,EVEREST Turmeric Powder,200 g,96,96,200.0,100g,48.0,
flipkart,Kolkata,700019,vim,ok,Vim Dishwash Bar,275 g,30,30,275.0,100g,10.91,
flipkart,Lucknow,226010,atta,ok,AASHIRVAAD Shudh Chakki Atta,10 kg,459,459,10000.0,kg,45.9,
flipkart,Lucknow,226010,bhindi,ok,Lady's Finger,480-520g,23,23,500.0,kg,46.0,
flipkart,Lucknow,226010,butter,na,,,,,,100g,,
flipkart,Lucknow,226010,carrot,ok,Ooty Carrot,450-550g,22,22,500.0,kg,44.0,
flipkart,Lucknow,226010,chilli,ok,Green Chilli,90-110g,9,9,100.0,kg,90.0,
flipkart,Lucknow,226010,coriander,na,,,,,,kg,,
flipkart,Lucknow,226010,curd,ok,Amul Masti Dahi Plain Curd,380 g,35,35,380.0,kg,92.11,
flipkart,Lucknow,226010,dal,ok,Tata Sampann Unpolished Toor/Arhar Dal,500 g,103,103,500.0,kg,206.0,
flipkart,Lucknow,226010,detergent,ok,Surf excel Easy Wash Detergent Powder,1 kg,144,144,1000.0,kg,144.0,
flipkart,Lucknow,226010,eggs,ok,Dr.hen Table White Eggs,6 Units,55,55,6,pc,9.17,
flipkart,Lucknow,226010,garlic,ok,Garlic,190-210g,61,61,200.0,kg,305.0,
flipkart,Lucknow,226010,ghee,oos,Amul Pure Ghee Tetrapack,500 ml,303,303,500.0,l,606.0,
flipkart,Lucknow,226010,ginger,ok,Ginger,190-210g,33,33,200.0,kg,165.0,
flipkart,Lucknow,226010,maggi,ok,Maggi 2-Minute Masala Instant Noodles,140 g,29,29,140.0,100g,20.71,
flipkart,Lucknow,226010,milk,ok,Amul Taaza Toned Milk,500 ml,30,30,500.0,l,60.0,
flipkart,Lucknow,226010,oil,ok,FORTUNE Sunlite Refined Sunflower Oil,800 g,189,189,879.1,l,214.99,mass→vol
flipkart,Lucknow,226010,onion,ok,Onion,0.95-1.05Kg,68,68,1000.0,kg,68.0,
flipkart,Lucknow,226010,paneer,ok,Amul Malai Paneer,200 g,95,95,200.0,kg,475.0,
flipkart,Lucknow,226010,parleg,ok,PARLE G Original Gluco Biscuits Plain Biscuit,200 g,29,29,200.0,100g,14.5,
flipkart,Lucknow,226010,potato,ok,Potato,1 kg,19,19,1000.0,kg,19.0,
flipkart,Lucknow,226010,rice,ok,"INDIA GATE All Rounder Feast Rozzana Basmati Rice (Medium Grain, Polis",1 kg,101,101,1000.0,kg,101.0,
flipkart,Lucknow,226010,salt,ok,Tata Salt Vacuum Evaporated Iodized Salt,1 kg,29,29,1000.0,kg,29.0,
flipkart,Lucknow,226010,sugar,ok,MADHUR Pure and Hygienic Refined Sugar,1 kg,75,75,1000.0,kg,75.0,
flipkart,Lucknow,226010,tea,ok,"Tata Tea Premium Desh Ki Chai, Crafted For Chai Lovers Across India Te",250 g,130,130,250.0,100g,52.0,
flipkart,Lucknow,226010,tomato,ok,Local Tomato,450-550g,43,43,500.0,kg,86.0,
flipkart,Lucknow,226010,toothpaste,ok,Colgate Strong Teeth 2X Strengthening Toothpaste,200 g,118,118,200.0,100g,59.0,
flipkart,Lucknow,226010,turmeric,ok,EVEREST Turmeric Powder,200 g,100,100,200.0,100g,50.0,
flipkart,Lucknow,226010,vim,ok,Vim Dishwash Bar,275 g,30,30,275.0,100g,10.91,
flipkart,Mumbai,400050,atta,ok,AASHIRVAAD Superior MP Atta,5 kg,262,314,5000.0,kg,52.4,
flipkart,Mumbai,400050,bhindi,oos,Lady's Finger,480-520g,25,25,500.0,kg,50.0,
flipkart,Mumbai,400050,butter,na,,,,,,100g,,
flipkart,Mumbai,400050,carrot,oos,Carrot,450-550g,38,38,500.0,kg,76.0,
flipkart,Mumbai,400050,chilli,oos,Green Chilli,70-80g,10,10,75.0,kg,133.33,
flipkart,Mumbai,400050,coriander,oos,Coriander,100 g,9,9,100.0,kg,90.0,
flipkart,Mumbai,400050,curd,oos,Amul Masti Dahi Plain Curd,380 g,35,35,380.0,kg,92.11,
flipkart,Mumbai,400050,dal,ok,Tata Sampann Unpolished Toor/Arhar Dal,500 g,103,118,500.0,kg,206.0,
flipkart,Mumbai,400050,detergent,ok,Surf excel Easy Wash Detergent Powder,1 kg,159,172,1000.0,kg,159.0,
flipkart,Mumbai,400050,eggs,oos,Delish by Flipkart Fresh & Clean White Eggs,6 Units,51,51,6,pc,8.5,
flipkart,Mumbai,400050,garlic,na,,,,,,kg,,
flipkart,Mumbai,400050,ghee,ok,Amul Cow Ghee Pouch,1 L,681,695,1000.0,l,681.0,
flipkart,Mumbai,400050,ginger,na,,,,,,kg,,
flipkart,Mumbai,400050,maggi,ok,Maggi 2-Minute Masala Instant Noodles,560 g,120,120,560.0,100g,21.43,
flipkart,Mumbai,400050,milk,oos,Amul Taaza Toned Milk,500 ml,25,25,500.0,l,50.0,
flipkart,Mumbai,400050,oil,ok,FORTUNE Sunlite Refined Sunflower Oil,800 g,191,225,879.1,l,217.26,mass→vol
flipkart,Mumbai,400050,onion,oos,Onion,,60,,,kg,,
flipkart,Mumbai,400050,paneer,oos,Amul Malai Paneer,200 g,85,85,200.0,kg,425.0,
flipkart,Mumbai,400050,parleg,ok,PARLE G Original Gluco Biscuits Plain Biscuit,200 g,30,30,200.0,100g,15.0,
flipkart,Mumbai,400050,potato,na,,,,,,kg,,
flipkart,Mumbai,400050,rice,ok,INDIA GATE All Rounder Feast Rozzana Basmati Rice (Medium Gr,1 kg,106,125,1000.0,kg,106.0,
flipkart,Mumbai,400050,salt,ok,Tata Salt Vacuum Evaporated Iodized Salt,1 kg,28,32,1000.0,kg,28.0,
flipkart,Mumbai,400050,sugar,ok,Jivana Classic White Sugar,1 kg Pouch,65,75,1000.0,kg,65.0,
flipkart,Mumbai,400050,tea,ok,"Tata Tea Premium Desh Ki Chai, Crafted For Chai Lovers Acros",250 g Pouch,135,155,250.0,100g,54.0,
flipkart,Mumbai,400050,tomato,na,,,,,,kg,,
flipkart,Mumbai,400050,toothpaste,ok,Colgate Strong Teeth 2X Strengthening Toothpaste,200 g,118,135,200.0,100g,59.0,
flipkart,Mumbai,400050,turmeric,ok,EVEREST Turmeric Powder,200 g,96,96,200.0,100g,48.0,
flipkart,Mumbai,400050,vim,ok,Vim Dishwash Bar,275 g,29,30,275.0,100g,10.55,
flipkart,Pune,411038,atta,ok,AASHIRVAAD Superior MP Atta,10 kg,595,595,10000.0,kg,59.5,
flipkart,Pune,411038,bhindi,ok,Lady's Finger,480-520g,26,26,500.0,kg,52.0,
flipkart,Pune,411038,butter,na,,,,,,100g,,
flipkart,Pune,411038,carrot,ok,Local Carrot,450-550g,36,36,500.0,kg,72.0,
flipkart,Pune,411038,chilli,ok,Green Chilli,70-80g,9,9,75.0,kg,120.0,
flipkart,Pune,411038,coriander,ok,Coriander,100 g,9,9,100.0,kg,90.0,
flipkart,Pune,411038,curd,ok,Amul Masti Dahi Plain Curd,200 ml,20,20,200.0,kg,100.0,
flipkart,Pune,411038,dal,ok,Tata Sampann Unpolished Toor/Arhar Dal,500 g,103,103,500.0,kg,206.0,
flipkart,Pune,411038,detergent,ok,Surf excel Easy Wash Detergent Powder,1 kg,153,153,1000.0,kg,153.0,
flipkart,Pune,411038,eggs,ok,Andaah Natural + White Eggs,25 Units,270,270,25,pc,10.8,
flipkart,Pune,411038,garlic,ok,Garlic,190-210g,52,52,200.0,kg,260.0,
flipkart,Pune,411038,ghee,ok,Amul Pure Ghee Plastic Bottle,500 ml,340,340,500.0,l,680.0,
flipkart,Pune,411038,ginger,ok,Ginger,190-210g,51,51,200.0,kg,255.0,
flipkart,Pune,411038,maggi,ok,Maggi 2-Minute Masala Instant Noodles,140 g,29,29,140.0,100g,20.71,
flipkart,Pune,411038,milk,ok,Amul Taaza Toned Milk,500 ml,30,30,500.0,l,60.0,
flipkart,Pune,411038,oil,ok,FORTUNE Sunlite Refined Sunflower Oil,800 g,191,191,879.1,l,217.26,mass→vol
flipkart,Pune,411038,onion,ok,Onion,0.95-1.05Kg,63,63,1000.0,kg,63.0,
flipkart,Pune,411038,paneer,ok,Amul Malai Paneer,200 g,95,95,200.0,kg,475.0,
flipkart,Pune,411038,parleg,ok,PARLE G Original Gluco Biscuits Plain Biscuit,200 g,30,30,200.0,100g,15.0,
flipkart,Pune,411038,potato,ok,New Crop Potato,1.95-2.05Kg,58,58,2000.0,kg,29.0,
flipkart,Pune,411038,rice,ok,"INDIA GATE All Rounder Feast Rozzana Basmati Rice (Medium Grain, Polis",1 kg,101,101,1000.0,kg,101.0,
flipkart,Pune,411038,salt,ok,Tata Salt Vacuum Evaporated Iodized Salt,1 kg,29,29,1000.0,kg,29.0,
flipkart,Pune,411038,sugar,ok,Jivana Classic White Sugar,1 kg,74,74,1000.0,kg,74.0,
flipkart,Pune,411038,tea,ok,Tata Tea Premium desh ki chai Tea Pouch,1.5 kg,601,601,1500.0,100g,40.07,pack≠std
flipkart,Pune,411038,tomato,ok,Hybrid Tomato,450-550g,19,19,500.0,kg,38.0,
flipkart,Pune,411038,toothpaste,ok,Colgate Strong Teeth 2X Strengthening Toothpaste,200 g,118,118,200.0,100g,59.0,
flipkart,Pune,411038,turmeric,oos,EVEREST Turmeric Powder,200 g,92,92,200.0,100g,46.0,
flipkart,Pune,411038,vim,ok,Vim Dishwash Bar,275 g,30,30,275.0,100g,10.91,
instamart,Bengaluru,560034,atta,ok,Aashirvaad Superior MP Atta,5 kg,306,358,5000.0,kg,61.2,
instamart,Bengaluru,560034,bhindi,ok,Lady's Finger (Bendekaayi),250 g x 2,32,42,500.0,kg,64.0,
instamart,Bengaluru,560034,butter,ok,Amul Pasteurised Butter,100 g,63,63,100.0,100g,63.0,
instamart,Bengaluru,560034,carrot,ok,Carrot,500 g,33,41,500.0,kg,66.0,
instamart,Bengaluru,560034,chilli,ok,nectr Green Chilli,100 g,12,24,100.0,kg,120.0,
instamart,Bengaluru,560034,coriander,ok,nectr Desi Coriander Leaves (Nati),90 g,19,31,90.0,kg,211.11,
instamart,Bengaluru,560034,curd,ok,Amul Masti Dahi,450 g,40,40,450.0,kg,88.89,
instamart,Bengaluru,560034,dal,ok,Tata Sampann Unpolished Toor/Arhar Dal,1 kg,164,234,1000.0,kg,164.0,
instamart,Bengaluru,560034,detergent,ok,Surf Excel Easy Wash Detergent Powder,1 kg,172,172,1000.0,kg,172.0,
instamart,Bengaluru,560034,eggs,ok,Fresh Eggs White eggs,6 Pieces,53,75,6,pc,8.83,
instamart,Bengaluru,560034,garlic,ok,Garlic (Bellulli),100 g,42,53,100.0,kg,420.0,
instamart,Bengaluru,560034,ghee,ok,Amul Cow Ghee Carton Pack,1 ltr,647,705,1000.0,l,647.0,
instamart,Bengaluru,560034,ginger,ok,nectr Ginger,200 g,42,74,200.0,kg,210.0,
instamart,Bengaluru,560034,maggi,ok,"MAGGI 2-Minute Instant Noodles, Made With Quality Spices",280 g,60,60,280.0,100g,21.43,
instamart,Bengaluru,560034,milk,ok,Amul Taaza Milky Milk,500 ml,29,29,500.0,l,58.0,
instamart,Bengaluru,560034,oil,ok,Fortune REF Sunflower Oil,870 g,183,250,956.0,l,191.41,mass→vol
instamart,Bengaluru,560034,onion,ok,Onion (Eerulli),1 kg,71,89,1000.0,kg,71.0,
instamart,Bengaluru,560034,paneer,ok,Amul Fresh Paneer,200 g,105,105,200.0,kg,525.0,
instamart,Bengaluru,560034,parleg,ok,Parle G Glucose,250 g,30,30,250.0,100g,12.0,
instamart,Bengaluru,560034,potato,ok,Potato (Aloo Gadde),1 kg,29,36,1000.0,kg,29.0,
instamart,Bengaluru,560034,rice,ok,India Gate Basmati Rice Feast Rozzana,1 kg,104,125,1000.0,kg,104.0,
instamart,Bengaluru,560034,salt,ok,"Tata Salt, Iodised Namak, Vacuum Evaporated Salt",1 kg,29,30,1000.0,kg,29.0,
instamart,Bengaluru,560034,sugar,ok,Supreme Harvest Crystal Sugar,1 kg,64,80,1000.0,kg,64.0,
instamart,Bengaluru,560034,tea,ok,Tata Tea Premium Black Tea Desh Ki Chai Unique Blend Crafted,250 g,135,135,250.0,100g,54.0,
instamart,Bengaluru,560034,tomato,ok,Hybrid Tomato,500 g,19,24,500.0,kg,38.0,
instamart,Bengaluru,560034,toothpaste,ok,Colgate Strong Teeth Toothpaste,200 g,135,135,200.0,100g,67.5,
instamart,Bengaluru,560034,turmeric,ok,Everest Turmeric/Haldi Powder,100 g,40,48,100.0,100g,40.0,
instamart,Bengaluru,560034,vim,ok,Vim Dishwash Bar Lemon(110g + 30% Extra),110 g,10,10,143.0,100g,6.99,+30% extra
instamart,Chennai,600020,atta,ok,Aashirvaad Superior MP Atta,10 kg,570,654,10000.0,kg,57.0,
instamart,Chennai,600020,bhindi,ok,Lady's Finger (Vendaikkai),250 g x 2,26,36,500.0,kg,52.0,
instamart,Chennai,600020,butter,ok,Amul Pasteurised Butter,100 g,63,63,100.0,100g,63.0,
instamart,Chennai,600020,carrot,ok,Carrot,500 g,33,41,500.0,kg,66.0,
instamart,Chennai,600020,chilli,ok,Green Chilli (Pachai Milagai),100 g,13,16,100.0,kg,130.0,
instamart,Chennai,600020,coriander,oos,Coriander Leaves,1 Bunch,18,21,100,kg,180.0,bunch≈100g
instamart,Chennai,600020,curd,ok,Amul Masti Dahi,450 g,40,40,450.0,kg,88.89,
instamart,Chennai,600020,dal,ok,Tata Sampann Unpolished Toor Dal (Arhar Dal),2 kg,339,468,2000.0,kg,169.5,
instamart,Chennai,600020,detergent,ok,Surf Excel Easy Wash Detergent Powder,1.5 kg,237,242,1500.0,kg,158.0,
instamart,Chennai,600020,eggs,ok,Kkp White Regular Eggs 6Pc,6 Pieces,48,60,6,pc,8.0,
instamart,Chennai,600020,garlic,ok,Garlic,100 g,34,43,100.0,kg,340.0,
instamart,Chennai,600020,ghee,oos,Amul Pure Ghee,1 ltr,604,610,1000.0,l,604.0,
instamart,Chennai,600020,ginger,ok,Ginger (Inji),200 g,54,68,200.0,kg,270.0,
instamart,Chennai,600020,maggi,oos,Maggi Masala Instant Noodles,280 g,60,60,280.0,100g,21.43,
instamart,Chennai,600020,milk,ok,Amul Taaza Toned Milk,500 ml,40,40,500.0,l,80.0,
instamart,Chennai,600020,oil,ok,Fortune Sun Lite Refined sunflower oil,840 g,181,200,923.1,l,196.08,mass→vol
instamart,Chennai,600020,onion,ok,Onion (Vengayam),1 kg,74,91,1000.0,kg,74.0,
instamart,Chennai,600020,paneer,ok,Amul Fresh Paneer,200 g,105,105,200.0,kg,525.0,
instamart,Chennai,600020,parleg,ok,Parle G Glucose,250 g,30,30,250.0,100g,12.0,
instamart,Chennai,600020,potato,ok,Potato (Urulaikizhangu),1 kg,30,38,1000.0,kg,30.0,
instamart,Chennai,600020,rice,oos,India Gate Basmati Rice - Feast Rozzana,1 kg,96,125,1000.0,kg,96.0,
instamart,Chennai,600020,salt,ok,"Tata Salt, Iodised Namak, Vacuum Evaporated Salt",1 kg,29,32,1000.0,kg,29.0,
instamart,Chennai,600020,sugar,ok,Supreme Harvest Crystal Sugar,5 kg,349,350,5000.0,kg,69.8,pack≠std
instamart,Chennai,600020,tea,ok,Tata Tea Premium Black Tea Desh Ki Chai Unique Blend Crafted,250 g,135,135,250.0,100g,54.0,
instamart,Chennai,600020,tomato,ok,Indian Tomato (Thakkali),500 g,25,30,500.0,kg,50.0,
instamart,Chennai,600020,toothpaste,ok,Colgate Strong Teeth Toothpaste,200 g,135,135,200.0,100g,67.5,
instamart,Chennai,600020,turmeric,ok,Everest Turmeric/Haldi Powder,100 g,44,48,100.0,100g,44.0,
instamart,Chennai,600020,vim,na,,,,,,100g,,
instamart,New Delhi,110017,atta,ok,"Aashirvaad M.P. Chakki Atta, 0% Maida, 100% Madhya Pradesh A",5 kg,263,309,5000.0,kg,52.6,
instamart,New Delhi,110017,bhindi,ok,Lady's Finger (Bhindi),250 g x 2,24,32,500.0,kg,48.0,
instamart,New Delhi,110017,butter,ok,Amul Pasteurised Butter,100 g,63,63,100.0,100g,63.0,
instamart,New Delhi,110017,carrot,ok,Ooty Carrot (Gajar),250 g x 2,54,70,500.0,kg,108.0,
instamart,New Delhi,110017,chilli,ok,Green Chilli (Hari Mirch),100 g,13,16,100.0,kg,130.0,
instamart,New Delhi,110017,coriander,ok,Coriander Leaves,1 Bunch,39,46,100,kg,390.0,bunch≈100g
instamart,New Delhi,110017,curd,ok,Amul Masti Dahi,380 g,35,35,380.0,kg,92.11,
instamart,New Delhi,110017,dal,ok,Tata Sampann Unpolished Toor/Arhar Dal,1 kg,174,234,1000.0,kg,174.0,
instamart,New Delhi,110017,detergent,ok,Surf Excel Easy Wash Detergent Powder,1 kg,147,147,1000.0,kg,147.0,
instamart,New Delhi,110017,eggs,ok,Dr.Hen Table white egg 6pcs,6 Pieces,53,85,6,pc,8.83,
instamart,New Delhi,110017,garlic,ok,Garlic Premium (Lehsun),200 g,88,110,200.0,kg,440.0,
instamart,New Delhi,110017,ghee,oos,Amul Pure Ghee Carton Pack,1 ltr,631,660,1000.0,l,631.0,
instamart,New Delhi,110017,ginger,ok,Ginger (Adrak),200 g,71,89,200.0,kg,355.0,
instamart,New Delhi,110017,maggi,ok,"MAGGI 2-Minute Instant Noodles, Made With Quality Spices",70 g x 4,60,60,280.0,100g,21.43,
instamart,New Delhi,110017,milk,ok,Amul Taaza Milky Milk,500 ml,30,30,500.0,l,60.0,
instamart,New Delhi,110017,oil,ok,Fortune Sunlite Refined Sunflower Oil,800 g,180,225,879.1,l,204.75,mass→vol
instamart,New Delhi,110017,onion,ok,Onion (Pyaaz),1 kg,72,90,1000.0,kg,72.0,
instamart,New Delhi,110017,paneer,ok,Amul Fresh Paneer,200 g,95,95,200.0,kg,475.0,
instamart,New Delhi,110017,parleg,ok,Parle G Glucose,250 g,30,30,250.0,100g,12.0,
instamart,New Delhi,110017,potato,ok,Potato (Aloo),1 kg,24,30,1000.0,kg,24.0,
instamart,New Delhi,110017,rice,ok,India Gate Basmati Rice Feast Rozzana,1 kg,109,125,1000.0,kg,109.0,
instamart,New Delhi,110017,salt,ok,"Tata Salt, Iodised Namak, Vacuum Evaporated Salt",1 kg,29,32,1000.0,kg,29.0,
instamart,New Delhi,110017,sugar,ok,Fortune Sugar,1 kg,77,90,1000.0,kg,77.0,
instamart,New Delhi,110017,tea,ok,Tata Tea Premium Black Tea Desh Ki Chai Unique Blend Crafted,250 g,140,140,250.0,100g,56.0,
instamart,New Delhi,110017,tomato,ok,Hybrid Tomato (Tamatar),500 g,34,41,500.0,kg,68.0,
instamart,New Delhi,110017,toothpaste,ok,Colgate Strong Teeth Toothpaste,200 g,135,135,200.0,100g,67.5,
instamart,New Delhi,110017,turmeric,ok,Everest Turmeric/Haldi Powder,100 g,46,48,100.0,100g,46.0,
instamart,New Delhi,110017,vim,ok,Vim Dishwash Bar Lemon(110g + 30% Extra),110 g,10,10,143.0,100g,6.99,+30% extra
instamart,Gurugram,122002,atta,ok,Aashirvaad Shudh Chakki Atta,5 kg,238,267,5000.0,kg,47.6,
instamart,Gurugram,122002,bhindi,ok,Lady's Finger (Bhindi),250 g x 2,24,32,500.0,kg,48.0,
instamart,Gurugram,122002,butter,ok,Amul Pasteurised Butter,100 g,63,63,100.0,100g,63.0,
instamart,Gurugram,122002,carrot,ok,Ooty Carrot (Gajar),250 g x 2,54,70,500.0,kg,108.0,
instamart,Gurugram,122002,chilli,ok,Green Chilli (Hari Mirch),100 g,13,16,100.0,kg,130.0,
instamart,Gurugram,122002,coriander,oos,Coriander Leaves,1 Bunch,39,46,100,kg,390.0,bunch≈100g
instamart,Gurugram,122002,curd,ok,Amul Masti Dahi,380 g,33,35,380.0,kg,86.84,
instamart,Gurugram,122002,dal,ok,Tata Sampann Unpolished Toor/Arhar Dal,1 kg,174,234,1000.0,kg,174.0,
instamart,Gurugram,122002,detergent,ok,Surf Excel Easy Wash Detergent Powder,1 kg,147,147,1000.0,kg,147.0,
instamart,Gurugram,122002,eggs,ok,Dr.Hen Table white egg 6pcs,6 Pieces,53,85,6,pc,8.83,
instamart,Gurugram,122002,garlic,ok,Garlic Premium (Lehsun),200 g,88,110,200.0,kg,440.0,
instamart,Gurugram,122002,ghee,ok,Amul Cow Ghee Carton Pack,1 ltr,675,705,1000.0,l,675.0,
instamart,Gurugram,122002,ginger,ok,Ginger (Adrak),200 g,71,89,200.0,kg,355.0,
instamart,Gurugram,122002,maggi,ok,"MAGGI 2-Minute Instant Noodles, Made With Quality Spices",280 g,60,60,280.0,100g,21.43,
instamart,Gurugram,122002,milk,ok,Amul Taaza Milky Milk,500 ml,29,30,500.0,l,58.0,
instamart,Gurugram,122002,oil,ok,Fortune Sunlite Refined Sunflower Oil,800 g,180,225,879.1,l,204.75,mass→vol
instamart,Gurugram,122002,onion,ok,Onion (Pyaaz),1 kg,72,90,1000.0,kg,72.0,
instamart,Gurugram,122002,paneer,ok,Amul Fresh Paneer,200 g,95,95,200.0,kg,475.0,
instamart,Gurugram,122002,parleg,ok,Parle G Glucose,250 g,30,30,250.0,100g,12.0,
instamart,Gurugram,122002,potato,ok,Potato (Aloo),1 kg,24,30,1000.0,kg,24.0,
instamart,Gurugram,122002,rice,ok,India Gate Basmati Rice Feast Rozzana,1 kg,109,125,1000.0,kg,109.0,
instamart,Gurugram,122002,salt,ok,"Tata Salt, Iodised Namak, Vacuum Evaporated Salt",1 kg,29,32,1000.0,kg,29.0,
instamart,Gurugram,122002,sugar,ok,Madhur Pure & Hygienic White Sugar,1 kg,67,99,1000.0,kg,67.0,
instamart,Gurugram,122002,tea,ok,Tata Tea Premium Black Tea Desh Ki Chai Unique Blend Crafted,250 g,140,140,250.0,100g,56.0,
instamart,Gurugram,122002,tomato,ok,Hybrid Tomato (Tamatar),500 g,34,41,500.0,kg,68.0,
instamart,Gurugram,122002,toothpaste,ok,Colgate Strong Teeth Toothpaste,200 g,135,135,200.0,100g,67.5,
instamart,Gurugram,122002,turmeric,ok,Everest Turmeric/Haldi Powder,100 g,46,48,100.0,100g,46.0,
instamart,Gurugram,122002,vim,ok,Vim Dishwash Bar Lemon(110g + 30% Extra),110 g,10,10,143.0,100g,6.99,+30% extra
instamart,Hyderabad,500081,atta,ok,Aashirvaad Superior MP Atta,5 kg,301,358,5000.0,kg,60.2,
instamart,Hyderabad,500081,bhindi,ok,Lady's Finger (Bendakayalu),250 g x 2,34,46,500.0,kg,68.0,
instamart,Hyderabad,500081,butter,ok,Amul Pasteurised Butter,100 g,63,63,100.0,100g,63.0,
instamart,Hyderabad,500081,carrot,ok,Ooty Carrot,500 g,47,59,500.0,kg,94.0,
instamart,Hyderabad,500081,chilli,ok,Dark Green Chilli (Muduru Pacchi Mirapakkaya),100 g,13,16,100.0,kg,130.0,
instamart,Hyderabad,500081,coriander,ok,Coriander Leaves,1 Bunch,21,25,100,kg,210.0,bunch≈100g
instamart,Hyderabad,500081,curd,ok,Amul Masti Dahi,380 g,35,35,380.0,kg,92.11,
instamart,Hyderabad,500081,dal,ok,Tata Sampann Unpolished Toor/Arhar Dal,1 kg,174,224,1000.0,kg,174.0,
instamart,Hyderabad,500081,detergent,ok,Surf Excel Easy Wash Detergent Powder,1 kg,167,167,1000.0,kg,167.0,
instamart,Hyderabad,500081,eggs,ok,Sneha Select Regular White Eggs Pack of 6,6 Pieces,49,70,6,pc,8.17,
instamart,Hyderabad,500081,garlic,ok,Garlic,100 g,34,43,100.0,kg,340.0,
instamart,Hyderabad,500081,ghee,oos,AMUL Pure Ghee (Tetra Pack),1 ltr,638,660,1000.0,l,638.0,
instamart,Hyderabad,500081,ginger,ok,Ginger (Allam),200 g,63,79,200.0,kg,315.0,
instamart,Hyderabad,500081,maggi,ok,"MAGGI 2-Minute Instant Noodles, Made With Quality Spices",280 g,60,60,280.0,100g,21.43,
instamart,Hyderabad,500081,milk,ok,Amul Taaza Milky Milk,500 ml,29,30,500.0,l,58.0,
instamart,Hyderabad,500081,oil,ok,Fortune Sun Lite Refined sunflower oil,5 ltr,1029,1175,5000.0,l,205.8,pack≠std
instamart,Hyderabad,500081,onion,ok,Onion (Ulligadda),1 kg,74,90,1000.0,kg,74.0,
instamart,Hyderabad,500081,paneer,ok,Amul Fresh Paneer,200 g,95,97,200.0,kg,475.0,
instamart,Hyderabad,500081,parleg,ok,Parle G Glucose,250 g,30,30,250.0,100g,12.0,
instamart,Hyderabad,500081,potato,ok,Potato (Aalugadda),1 kg,32,40,1000.0,kg,32.0,
instamart,Hyderabad,500081,rice,ok,India Gate Basmati Rice Feast Rozzana,1 kg,104,125,1000.0,kg,104.0,
instamart,Hyderabad,500081,salt,ok,"Tata Salt, Iodised Namak, Vacuum Evaporated Salt",1 kg,29,32,1000.0,kg,29.0,
instamart,Hyderabad,500081,sugar,ok,Supreme Harvest Crystal Sugar,1 kg,65,120,1000.0,kg,65.0,
instamart,Hyderabad,500081,tea,ok,Tata Tea Premium Black Tea Desh Ki Chai Unique Blend Crafted,250 g,135,135,250.0,100g,54.0,
instamart,Hyderabad,500081,tomato,ok,Indian Tomato,500 g,25,30,500.0,kg,50.0,
instamart,Hyderabad,500081,toothpaste,ok,Colgate Strong Teeth Toothpaste,200 g,135,135,200.0,100g,67.5,
instamart,Hyderabad,500081,turmeric,ok,Everest Turmeric/Haldi Powder,100 g,46,48,100.0,100g,46.0,
instamart,Hyderabad,500081,vim,ok,Vim Dishwash Bar Lemon(110g + 30% Extra),110 g,10,10,143.0,100g,6.99,+30% extra
instamart,Indore,452010,atta,ok,Aashirvaad Shudh Chakki Atta,5 kg,249,291,5000.0,kg,49.8,
instamart,Indore,452010,bhindi,ok,Lady's Finger (Bhindi),250 g x 2,36,48,500.0,kg,72.0,
instamart,Indore,452010,butter,oos,Amul Pasteurised Butter,100 g,63,63,100.0,100g,63.0,
instamart,Indore,452010,carrot,ok,Carrot (Gajar),500 g,41,51,500.0,kg,82.0,
instamart,Indore,452010,chilli,ok,Green Chilli (Hari Mirch),100 g,11,14,100.0,kg,110.0,
instamart,Indore,452010,coriander,ok,Coriander Leaves,1 Bunch,21,28,100,kg,210.0,bunch≈100g
instamart,Indore,452010,curd,ok,Amul Masti Dahi,380 g,35,35,380.0,kg,92.11,
instamart,Indore,452010,dal,ok,Tata Sampann Unpolished Toor/Arhar Dal,1 kg,179,234,1000.0,kg,179.0,
instamart,Indore,452010,detergent,ok,Surf Excel Easy Wash Detergent Powder,1 kg,147,167,1000.0,kg,147.0,
instamart,Indore,452010,eggs,na,,,,,,pc,,
instamart,Indore,452010,garlic,na,,,,,,kg,,
instamart,Indore,452010,ghee,ok,Amul Pure Ghee Jar,200 ml,143,144,200.0,l,715.0,pack≠std
instamart,Indore,452010,ginger,ok,Ginger (Adrak),200 g,69,86,200.0,kg,345.0,
instamart,Indore,452010,maggi,ok,"MAGGI 2-Minute Instant Noodles, Made With Quality Spices",70 g x 4,60,60,280.0,100g,21.43,
instamart,Indore,452010,milk,ok,Amul Taaza Toned Milk,1 ltr,77,77,1000.0,l,77.0,
instamart,Indore,452010,oil,oos,Fortune Sunflower Oil 1L Pouch,800 g,182,225,800.0,l,227.5,
instamart,Indore,452010,onion,ok,Onion (Pyaaz),1 kg,78,98,1000.0,kg,78.0,
instamart,Indore,452010,paneer,ok,Amul Fresh Paneer,200 g,82,82,200.0,kg,410.0,
instamart,Indore,452010,parleg,ok,Parle G Glucose,250 g,30,30,250.0,100g,12.0,
instamart,Indore,452010,potato,ok,Potato (Aloo),1 kg,28,35,1000.0,kg,28.0,
instamart,Indore,452010,rice,ok,India Gate Basmati Rice Feast Rozzana,1 kg,109,125,1000.0,kg,109.0,
instamart,Indore,452010,salt,ok,"Tata Salt, Iodised Namak, Vacuum Evaporated Salt",1 kg,29,32,1000.0,kg,29.0,
instamart,Indore,452010,sugar,ok,Madhur Pure & Hygienic White Sugar,1 kg,63,65,1000.0,kg,63.0,
instamart,Indore,452010,tea,ok,Tata Tea Premium Black Tea Desh Ki Chai Unique Blend Crafted,250 g,120,135,250.0,100g,48.0,
instamart,Indore,452010,tomato,ok,Hybrid Tomato (Tamatar),500 g,22,28,500.0,kg,44.0,
instamart,Indore,452010,toothpaste,ok,Colgate Strong Teeth Toothpaste,200 g,135,135,200.0,100g,67.5,
instamart,Indore,452010,turmeric,ok,Everest Turmeric/Haldi Powder,100 g,42,48,100.0,100g,42.0,
instamart,Indore,452010,vim,ok,Vim Dishwash Bar Lemon(110g + 30% Extra),110 g,10,10,143.0,100g,6.99,+30% extra
instamart,Kolkata,700019,atta,ok,Aashirvaad Shudh Chakki Atta,5 kg,236,268,5000.0,kg,47.2,
instamart,Kolkata,700019,bhindi,ok,Lady's Finger (Dharos),250 g x 2,32,42,500.0,kg,64.0,
instamart,Kolkata,700019,butter,oos,Amul Pasteurised Butter,100 g,63,63,100.0,100g,63.0,
instamart,Kolkata,700019,carrot,ok,Carrot (Gajar),500 g,43,54,500.0,kg,86.0,
instamart,Kolkata,700019,chilli,ok,Green Chilli (Kaccha Lanka),100 g,14,18,100.0,kg,140.0,
instamart,Kolkata,700019,coriander,oos,Coriander Leaves,1 Bunch,26,33,100,kg,260.0,bunch≈100g
instamart,Kolkata,700019,curd,ok,Amul Masti Dahi,380 g,35,35,380.0,kg,92.11,
instamart,Kolkata,700019,dal,ok,Tata Sampann Unpolished Toor/Arhar Dal,1 kg,189,224,1000.0,kg,189.0,
instamart,Kolkata,700019,detergent,ok,Surf Excel Easy Wash Detergent Powder,1 kg,150,150,1000.0,kg,150.0,
instamart,Kolkata,700019,eggs,ok,Eggoz Everyday 6 White Eggs,6 Pieces,49,81,6,pc,8.17,
instamart,Kolkata,700019,garlic,ok,Garlic Premium (Rasun Premium),200 g,62,78,200.0,kg,310.0,
instamart,Kolkata,700019,ghee,ok,Amul Cow Ghee Carton Pack,1 ltr,675,705,1000.0,l,675.0,
instamart,Kolkata,700019,ginger,ok,Ginger (Adda),200 g,26,33,200.0,kg,130.0,
instamart,Kolkata,700019,maggi,ok,"MAGGI 2-Minute Instant Noodles, Made With Quality Spices",70 g x 4,60,60,280.0,100g,21.43,
instamart,Kolkata,700019,milk,ok,Amul Taaza Milky Milk,500 ml,29,30,500.0,l,58.0,
instamart,Kolkata,700019,oil,ok,Fortune Sunlite Refined Sunflower Oil,1.74 kg,397,425,1912.1,l,207.63,mass→vol
instamart,Kolkata,700019,onion,ok,Onion (Pyaz),1 kg,73,91,1000.0,kg,73.0,
instamart,Kolkata,700019,paneer,ok,Amul Fresh Paneer,200 g,95,95,200.0,kg,475.0,
instamart,Kolkata,700019,parleg,ok,Parle G Glucose,250 g,30,30,250.0,100g,12.0,
instamart,Kolkata,700019,potato,ok,Potato (Jyothi Aloo),1 kg,20,25,1000.0,kg,20.0,
instamart,Kolkata,700019,rice,ok,India Gate Basmati Rice Feast Rozzana,1 kg,109,125,1000.0,kg,109.0,
instamart,Kolkata,700019,salt,ok,"Tata Salt, Iodised Namak, Vacuum Evaporated Salt",1 kg,29,32,1000.0,kg,29.0,
instamart,Kolkata,700019,sugar,ok,PARRY Pure Refined Sugar Pouch,1 kg,72,80,1000.0,kg,72.0,
instamart,Kolkata,700019,tea,ok,Tata Tea Premium Black Tea Desh Ki Chai Unique Blend Crafted,250 g,120,120,250.0,100g,48.0,
instamart,Kolkata,700019,tomato,ok,Indian Tomato (Desi Tomato),500 g,33,40,500.0,kg,66.0,
instamart,Kolkata,700019,toothpaste,ok,Colgate Strong Teeth Toothpaste,200 g,135,135,200.0,100g,67.5,
instamart,Kolkata,700019,turmeric,ok,Everest Turmeric/Haldi Powder,100 g,46,48,100.0,100g,46.0,
instamart,Kolkata,700019,vim,ok,Vim Dishwash Bar Lemon(110g + 30% Extra),110 g,10,10,143.0,100g,6.99,+30% extra
instamart,Lucknow,226010,atta,ok,Aashirvaad Shudh Chakki Atta,5 kg,244,267,5000.0,kg,48.8,
instamart,Lucknow,226010,bhindi,ok,Lady's Finger (Bhindi),250 g x 2,24,32,500.0,kg,48.0,
instamart,Lucknow,226010,butter,oos,Amul Pasteurised Butter,100 g,63,63,100.0,100g,63.0,
instamart,Lucknow,226010,carrot,ok,Ooty Carrot (Gajar),250 g,32,40,250.0,kg,128.0,
instamart,Lucknow,226010,chilli,ok,Green Chilli (Hari Mirch),100 g,13,16,100.0,kg,130.0,
instamart,Lucknow,226010,coriander,oos,Coriander Leaves,1 Bunch,34,43,100,kg,340.0,bunch≈100g
instamart,Lucknow,226010,curd,ok,Amul Masti Dahi,380 g,35,35,380.0,kg,92.11,
instamart,Lucknow,226010,dal,ok,Tata Sampann Unpolished Toor/Arhar Dal,1 kg,179,234,1000.0,kg,179.0,
instamart,Lucknow,226010,detergent,ok,Surf Excel Easy Wash Detergent Powder,1 kg,147,147,1000.0,kg,147.0,
instamart,Lucknow,226010,eggs,ok,Happinest White 6 eggs,1 Pack,56,108,6,pc,9.33,
instamart,Lucknow,226010,garlic,na,,,,,,kg,,
instamart,Lucknow,226010,ghee,oos,AMUL Pure Ghee,1 ltr,643,670,1000.0,l,643.0,
instamart,Lucknow,226010,ginger,ok,Ginger (Adrak),200 g,32,40,200.0,kg,160.0,
instamart,Lucknow,226010,maggi,ok,"MAGGI 2-Minute Instant Noodles, Made With Quality Spices",70 g x 4,60,60,280.0,100g,21.43,
instamart,Lucknow,226010,milk,ok,Amul Taaza Milky Milk,500 ml,28,30,500.0,l,56.0,
instamart,Lucknow,226010,oil,ok,Fortune Sunlite Refined Sunflower Oil,800 g,180,205,879.1,l,204.75,mass→vol
instamart,Lucknow,226010,onion,ok,Onion (Pyaaz),1 kg,78,98,1000.0,kg,78.0,
instamart,Lucknow,226010,paneer,ok,Amul Fresh Paneer,200 g,95,95,200.0,kg,475.0,
instamart,Lucknow,226010,parleg,ok,Parle G Glucose,250 g,30,30,250.0,100g,12.0,
instamart,Lucknow,226010,potato,ok,Potato (Aloo),1 kg,25,31,1000.0,kg,25.0,
instamart,Lucknow,226010,rice,ok,India Gate Basmati Rice Feast Rozzana,1 kg,109,125,1000.0,kg,109.0,
instamart,Lucknow,226010,salt,na,,,,,,kg,,
instamart,Lucknow,226010,sugar,ok,Supreme Harvest Crystal Sugar,1 kg,63,120,1000.0,kg,63.0,
instamart,Lucknow,226010,tea,ok,Tata Tea Premium Black Tea Desh Ki Chai Unique Blend Crafted,250 g,130,130,250.0,100g,52.0,
instamart,Lucknow,226010,tomato,ok,Indian Tomato (Tamatar),500 g,38,48,500.0,kg,76.0,
instamart,Lucknow,226010,toothpaste,ok,Colgate Strong Teeth Toothpaste,200 g,135,135,200.0,100g,67.5,
instamart,Lucknow,226010,turmeric,ok,Everest Turmeric/Haldi Powder,100 g,46,48,100.0,100g,46.0,
instamart,Lucknow,226010,vim,ok,Vim Dishwash Bar Lemon(110g + 30% Extra),110 g,10,10,143.0,100g,6.99,+30% extra
instamart,Mumbai,400050,atta,ok,Aashirvaad Superior MP Atta,5 kg,277,314,5000.0,kg,55.4,
instamart,Mumbai,400050,bhindi,ok,Lady's Finger (Bhendi),250 g x 2,32,42,500.0,kg,64.0,
instamart,Mumbai,400050,butter,ok,Amul Pasteurised Butter,100 g,63,63,100.0,100g,63.0,
instamart,Mumbai,400050,carrot,ok,Carrot (Gajar),500 g,38,48,500.0,kg,76.0,
instamart,Mumbai,400050,chilli,ok,Green Chilli (Hirwi Mirchi),100 g,11,14,100.0,kg,110.0,
instamart,Mumbai,400050,coriander,ok,Coriander Leaves,1 Bunch,18,23,100,kg,180.0,bunch≈100g
instamart,Mumbai,400050,curd,ok,Amul Masti Dahi (Cup),400 g,50,50,400.0,kg,125.0,
instamart,Mumbai,400050,dal,ok,Tata Sampann Unpolished Toor/Arhar Dal,1 kg,179,234,1000.0,kg,179.0,
instamart,Mumbai,400050,detergent,ok,Surf Excel Easy Wash Detergent Powder,1 kg,152,152,1000.0,kg,152.0,
instamart,Mumbai,400050,eggs,ok,Yojana Poultry Power Eggs (White),6 Pieces,55,60,6,pc,9.17,
instamart,Mumbai,400050,garlic,oos,Garlic (Lasun),200 g,61,76,200.0,kg,305.0,
instamart,Mumbai,400050,ghee,na,,,,,,l,,
instamart,Mumbai,400050,ginger,ok,Ginger (Adrak),200 g,59,74,200.0,kg,295.0,
instamart,Mumbai,400050,maggi,na,,,,,,100g,,
instamart,Mumbai,400050,milk,ok,Amul Taaza Milky Milk,500 ml,30,30,500.0,l,60.0,
instamart,Mumbai,400050,oil,ok,Fortune Sunlite Refined Sunflower Oil,4.35 kg,986,1250,4780.2,l,206.27,mass→vol;pack≠std
instamart,Mumbai,400050,onion,ok,Onion (Kanda),1 kg,68,85,1000.0,kg,68.0,
instamart,Mumbai,400050,paneer,ok,Amul Fresh Paneer,200 g,95,95,200.0,kg,475.0,
instamart,Mumbai,400050,parleg,ok,Parle G Glucose,250 g,30,30,250.0,100g,12.0,
instamart,Mumbai,400050,potato,ok,Potato (Batate),1 kg,27,34,1000.0,kg,27.0,
instamart,Mumbai,400050,rice,ok,India Gate Basmati Rice Feast Rozzana,1 kg,109,125,1000.0,kg,109.0,
instamart,Mumbai,400050,salt,ok,"Tata Salt, Iodised Namak, Vacuum Evaporated Salt",1 kg,29,32,1000.0,kg,29.0,
instamart,Mumbai,400050,sugar,ok,Fortune Sugar,1 kg,68,99,1000.0,kg,68.0,
instamart,Mumbai,400050,tea,ok,Tata Tea Premium Black Tea Desh Ki Chai Unique Blend Crafted,250 g,135,135,250.0,100g,54.0,
instamart,Mumbai,400050,tomato,ok,Hybrid Tomato (Tamatar),500 g,23,29,500.0,kg,46.0,
instamart,Mumbai,400050,toothpaste,ok,Colgate Strong Teeth Toothpaste,200 g,135,135,200.0,100g,67.5,
instamart,Mumbai,400050,turmeric,ok,Everest Turmeric/Haldi Powder,100 g,42,50,100.0,100g,42.0,
instamart,Mumbai,400050,vim,ok,Vim Dishwash Bar Lemon(110g + 30% Extra),110 g,10,10,143.0,100g,6.99,+30% extra
instamart,Pune,411038,atta,ok,Aashirvaad Shudh Chakki Atta,5 kg,248,268,5000.0,kg,49.6,
instamart,Pune,411038,bhindi,ok,Lady's Finger (Bhendi),250 g x 2,30,40,500.0,kg,60.0,
instamart,Pune,411038,butter,ok,Amul Pasteurised Butter,500 g,310,310,500.0,100g,62.0,pack≠std
instamart,Pune,411038,carrot,ok,Carrot (Gajar),500 g,39,48,500.0,kg,78.0,
instamart,Pune,411038,chilli,ok,Green Chilli (Hirwi Mirchi),100 g,10,13,100.0,kg,100.0,
instamart,Pune,411038,coriander,ok,Coriander Leaves,1 Bunch,17,21,100,kg,170.0,bunch≈100g
instamart,Pune,411038,curd,ok,Amul Masti Dahi (Cup),400 g,50,50,400.0,kg,125.0,
instamart,Pune,411038,dal,ok,Tata Sampann Unpolished Toor/Arhar Dal,1 kg,179,234,1000.0,kg,179.0,
instamart,Pune,411038,detergent,ok,Surf Excel Easy Wash Detergent Powder,1 kg,167,167,1000.0,kg,167.0,
instamart,Pune,411038,eggs,ok,Yojana Poultry Power Eggs (White),6 Pieces,60,60,6,pc,10.0,
instamart,Pune,411038,garlic,ok,Garlic,100 g,33,41,100.0,kg,330.0,
instamart,Pune,411038,ghee,oos,Amul Pure Ghee Pouch,1 ltr,643,660,1000.0,l,643.0,
instamart,Pune,411038,ginger,ok,Ginger (Adrak),200 g,60,75,200.0,kg,300.0,
instamart,Pune,411038,maggi,ok,"MAGGI 2-Minute Instant Noodles, Made With Quality Spices",70 g x 4,60,60,280.0,100g,21.43,
instamart,Pune,411038,milk,ok,Amul Taaza Milk 1 Ltr,1 ltr,59,59,1000.0,l,59.0,
instamart,Pune,411038,oil,ok,Fortune Sunlite Refined Sunflower Oil,800 g,183,205,879.1,l,208.16,mass→vol
instamart,Pune,411038,onion,ok,Onion (Kanda),1 kg,78,98,1000.0,kg,78.0,
instamart,Pune,411038,paneer,ok,Amul Fresh Paneer,200 g,95,95,200.0,kg,475.0,
instamart,Pune,411038,parleg,ok,Parle G Glucose,250 g,30,30,250.0,100g,12.0,
instamart,Pune,411038,potato,ok,Potato (Batate),1 kg,34,43,1000.0,kg,34.0,
instamart,Pune,411038,rice,ok,India Gate Basmati Rice Feast Rozzana,1 kg,109,125,1000.0,kg,109.0,
instamart,Pune,411038,salt,ok,"Tata Salt, Iodised Namak, Vacuum Evaporated Salt",1 kg,29,32,1000.0,kg,29.0,
instamart,Pune,411038,sugar,ok,Madhur Pure & Hygienic White Sugar,1 kg,63,65,1000.0,kg,63.0,
instamart,Pune,411038,tea,ok,Tata Tea Premium Black Tea Desh Ki Chai Unique Blend Crafted,100 g x 2,94,100,200.0,100g,47.0,
instamart,Pune,411038,tomato,ok,Indian Tomato (Tamata),500 g,21,26,500.0,kg,42.0,
instamart,Pune,411038,toothpaste,ok,Colgate Strong Teeth Indias No.1 Toothpaste Box,150 g,103,103,150.0,100g,68.67,
instamart,Pune,411038,turmeric,ok,Everest Turmeric Powder,200 g,98,100,200.0,100g,49.0,
instamart,Pune,411038,vim,ok,Vim Dishwash Bar Lemon(110g + 30% Extra),110 g,10,10,143.0,100g,6.99,+30% extra
jiomart,Bengaluru,560034,atta,ok,Aashirvaad Superior Whole Wheat MP Atta 1 kg,1 kg,67,74,1000.0,kg,67.0,pack≠std
jiomart,Bengaluru,560034,bhindi,ok,Okra 500 g,500 g,33,33,500.0,kg,66.0,
jiomart,Bengaluru,560034,butter,ok,Amul Pasteurised Butter 100 g,100 g,62,63,100.0,100g,62.0,
jiomart,Bengaluru,560034,carrot,na,,,,,,kg,,
jiomart,Bengaluru,560034,chilli,ok,Chilli Green 100 g Pack,100 g,10,10,100.0,kg,100.0,
jiomart,Bengaluru,560034,coriander,na,,,,,,kg,,
jiomart,Bengaluru,560034,curd,na,,,,,,kg,,
jiomart,Bengaluru,560034,dal,ok,Tata Sampann Unpolished Tur / Arhar Dal 1 kg,1 kg,231,244,1000.0,kg,231.0,
jiomart,Bengaluru,560034,detergent,ok,Surf Excel Easy Wash Detergent Powder 500 g,500 g,82,87,500.0,kg,164.0,
jiomart,Bengaluru,560034,eggs,na,,,,,,pc,,
jiomart,Bengaluru,560034,garlic,ok,Garlic 100 g,100 g,38,38,100.0,kg,380.0,
jiomart,Bengaluru,560034,ghee,ok,Amul Cow Ghee 1 L Pouch,1 L,660,695,1000.0,l,660.0,
jiomart,Bengaluru,560034,ginger,ok,Ginger 100 g,OS,29,29,100.0,kg,290.0,
jiomart,Bengaluru,560034,maggi,ok,Maggi 2-Minute Masala Instant Noodles 560 g,560 g,105,120,560.0,100g,18.75,
jiomart,Bengaluru,560034,milk,na,,,,,,l,,
jiomart,Bengaluru,560034,oil,ok,Fortune Sun Lite Refined Sunflower Oil 840 g,840 g,172,200,923.1,l,186.33,mass→vol
jiomart,Bengaluru,560034,onion,ok,Onion (Approx. 900 g - 1000 g),900 g,60,60,950.0,kg,63.16,
jiomart,Bengaluru,560034,paneer,ok,Amul Fresh Paneer 200 g (Pack),200 g,105,105,200.0,kg,525.0,
jiomart,Bengaluru,560034,parleg,ok,Parle-G Original Glucose Biscuit 200 g,200 g,28,30,200.0,100g,14.0,
jiomart,Bengaluru,560034,potato,ok,Potato (Approx. 900 g - 1000 g),900 g,27,27,950.0,kg,28.42,
jiomart,Bengaluru,560034,rice,ok,India Gate Rozana Basmati Rice 5 kg,5 kg,489,620,5000.0,kg,97.8,pack≠std
jiomart,Bengaluru,560034,salt,na,,,,,,kg,,
jiomart,Bengaluru,560034,sugar,ok,Loose Sugar S 1 kg,1 kg,64,64,1000.0,kg,64.0,
jiomart,Bengaluru,560034,tea,ok,Tata Tea Premium Desh Ki Chai 250 g,250 g,147,155,250.0,100g,58.8,
jiomart,Bengaluru,560034,tomato,ok,Tomato Hybrid500 g,500 g,20,20,500.0,kg,40.0,
jiomart,Bengaluru,560034,toothpaste,ok,Colgate Strong Teeth Dental Cream Toothpaste 200 g,200 g,128,135,200.0,100g,64.0,
jiomart,Bengaluru,560034,turmeric,ok,Everest Turmeric Powder 200 g,200 g,93,100,200.0,100g,46.5,
jiomart,Bengaluru,560034,vim,ok,Vim Lemon Dishwash Bar 275 g,275 g,19,20,275.0,100g,6.91,
jiomart,Chennai,600020,atta,ok,Aashirvaad Superior Whole Wheat MP Atta 5 kg,5 kg,309,358,5000.0,kg,61.8,
jiomart,Chennai,600020,bhindi,na,,,,,,kg,,
jiomart,Chennai,600020,butter,ok,Amul Pasteurised Butter 100 g,100 g,62,63,100.0,100g,62.0,
jiomart,Chennai,600020,carrot,na,,,,,,kg,,
jiomart,Chennai,600020,chilli,na,,,,,,kg,,
jiomart,Chennai,600020,coriander,na,,,,,,kg,,
jiomart,Chennai,600020,curd,ok,Amul Masti Dahi 400 g (Cup),400 g,49,50,400.0,kg,122.5,
jiomart,Chennai,600020,dal,ok,Tata Sampann Unpolished Tur / Arhar Dal 1 kg,1 kg,231,244,1000.0,kg,231.0,
jiomart,Chennai,600020,detergent,ok,Surf Excel Easy Wash Detergent Powder 5 kg,5 kg,741,780,5000.0,kg,148.2,pack≠std
jiomart,Chennai,600020,eggs,na,,,,,,pc,,
jiomart,Chennai,600020,garlic,ok,Indian Garlic 250 g,250 g,72,72,250.0,kg,288.0,
jiomart,Chennai,600020,ghee,na,,,,,,l,,
jiomart,Chennai,600020,ginger,ok,Ginger 250 g,250 g,42,42,250.0,kg,168.0,
jiomart,Chennai,600020,maggi,ok,Maggi 2-Minute Masala Instant Noodles 560 g,560 g,105,120,560.0,100g,18.75,
jiomart,Chennai,600020,milk,ok,Amul Taaza Toned Milky Milk 500 ml,500 ml,30,30,500.0,l,60.0,
jiomart,Chennai,600020,oil,na,,,,,,l,,
jiomart,Chennai,600020,onion,na,,,,,,kg,,
jiomart,Chennai,600020,paneer,ok,Amul Fresh Paneer 200 g (Pack),200 g,97,97,200.0,kg,485.0,
jiomart,Chennai,600020,parleg,na,,,,,,100g,,
jiomart,Chennai,600020,potato,na,,,,,,kg,,
jiomart,Chennai,600020,rice,ok,India Gate Rozana Basmati Rice 5 kg,5 kg,489,620,5000.0,kg,97.8,pack≠std
jiomart,Chennai,600020,salt,na,,,,,,kg,,
jiomart,Chennai,600020,sugar,ok,Loose Sugar S 1 kg,1 kg,60,60,1000.0,kg,60.0,
jiomart,Chennai,600020,tea,ok,Tata Tea Premium Desh Ki Chai 250 g,250 g,128,135,250.0,100g,51.2,
jiomart,Chennai,600020,tomato,na,,,,,,kg,,
jiomart,Chennai,600020,toothpaste,ok,Colgate Strong Teeth Dental Cream Toothpaste 200 g,200 g,128,135,200.0,100g,64.0,
jiomart,Chennai,600020,turmeric,ok,Everest Turmeric Powder 200 g,200 g,93,100,200.0,100g,46.5,
jiomart,Chennai,600020,vim,na,,,,,,100g,,
jiomart,New Delhi,110017,atta,ok,Aashirvaad Shudh Whole Wheat Chakki Atta 5 kg,5 kg,245,262,5000.0,kg,49.0,
jiomart,New Delhi,110017,bhindi,na,,,,,,kg,,
jiomart,New Delhi,110017,butter,na,,,,,,100g,,
jiomart,New Delhi,110017,carrot,na,,,,,,kg,,
jiomart,New Delhi,110017,chilli,na,,,,,,kg,,
jiomart,New Delhi,110017,coriander,na,,,,,,kg,,
jiomart,New Delhi,110017,curd,ok,Amul Masti Dahi 380 g,380 g,35,35,380.0,kg,92.11,
jiomart,New Delhi,110017,dal,ok,Tata Sampann Unpolished Tur / Arhar Dal 1 kg,1 kg,231,244,1000.0,kg,231.0,
jiomart,New Delhi,110017,detergent,ok,Surf Excel Easy Wash Detergent Powder 500 g,500 g,71,75,500.0,kg,142.0,
jiomart,New Delhi,110017,eggs,na,,,,,,pc,,
jiomart,New Delhi,110017,garlic,na,,,,,,kg,,
jiomart,New Delhi,110017,ghee,na,,,,,,l,,
jiomart,New Delhi,110017,ginger,na,,,,,,kg,,
jiomart,New Delhi,110017,maggi,ok,Maggi 2-Minute Masala Instant Noodles 560 g,560 g,105,120,560.0,100g,18.75,
jiomart,New Delhi,110017,milk,ok,Amul Taaza Toned Milky Milk 500 ml,500 ml,30,30,500.0,l,60.0,
jiomart,New Delhi,110017,oil,ok,Fortune Sunlite Refined Sunflower Oil 800 g,800 g,181,230,879.1,l,205.89,mass→vol
jiomart,New Delhi,110017,onion,ok,Onion (Approx. 900 g - 1000 g),900 g,60,60,950.0,kg,63.16,
jiomart,New Delhi,110017,paneer,na,,,,,,kg,,
jiomart,New Delhi,110017,parleg,ok,Parle-G Original Glucose Biscuits 800 g,800 g,92,100,800.0,100g,11.5,pack≠std
jiomart,New Delhi,110017,potato,ok,Potato (Approx. 900 g - 1000 g),900 g,22,22,950.0,kg,23.16,
jiomart,New Delhi,110017,rice,ok,India Gate Rozana Basmati Rice 5 kg,5 KG,489,620,5000.0,kg,97.8,pack≠std
jiomart,New Delhi,110017,salt,ok,Tata Salt 2 kg,2 kg,54,58,2000.0,kg,27.0,
jiomart,New Delhi,110017,sugar,ok,Loose Sugar M 1 kg,1 kg,60,60,1000.0,kg,60.0,
jiomart,New Delhi,110017,tea,ok,Tata Tea Premium Desh Ki Chai 250 g,250 g,133,140,250.0,100g,53.2,
jiomart,New Delhi,110017,tomato,ok,Tomato Hybrid500 g,500 g,29,29,500.0,kg,58.0,
jiomart,New Delhi,110017,toothpaste,ok,Colgate Strong Teeth Dental Cream Toothpaste 200 g,200 g,128,135,200.0,100g,64.0,
jiomart,New Delhi,110017,turmeric,na,,,,,,100g,,
jiomart,New Delhi,110017,vim,ok,Vim Dishwash Bar 480 g,480 g,55,60,480.0,100g,11.46,
jiomart,Gurugram,122002,atta,ok,Aashirvaad Shudh Whole Wheat Chakki Atta 5 kg,5 kg,245,262,5000.0,kg,49.0,
jiomart,Gurugram,122002,bhindi,na,,,,,,kg,,
jiomart,Gurugram,122002,butter,na,,,,,,100g,,
jiomart,Gurugram,122002,carrot,na,,,,,,kg,,
jiomart,Gurugram,122002,chilli,na,,,,,,kg,,
jiomart,Gurugram,122002,coriander,na,,,,,,kg,,
jiomart,Gurugram,122002,curd,na,,,,,,kg,,
jiomart,Gurugram,122002,dal,ok,Tata Sampann Unpolished Tur / Arhar Dal 1 kg,1 kg,231,244,1000.0,kg,231.0,
jiomart,Gurugram,122002,detergent,ok,Surf Excel Easy Wash Detergent Powder 500 g,500 g,73,77,500.0,kg,146.0,
jiomart,Gurugram,122002,eggs,na,,,,,,pc,,
jiomart,Gurugram,122002,garlic,na,,,,,,kg,,
jiomart,Gurugram,122002,ghee,na,,,,,,l,,
jiomart,Gurugram,122002,ginger,na,,,,,,kg,,
jiomart,Gurugram,122002,maggi,ok,Maggi 2-Minute Masala Instant Noodles 560 g,560 g,105,120,560.0,100g,18.75,
jiomart,Gurugram,122002,milk,ok,Amul Taaza Toned Milk 1 L (Pouch),1 L,59,59,1000.0,l,59.0,
jiomart,Gurugram,122002,oil,ok,Fortune Sunlite Refined Sunflower Oil 800 g,800 g,181,230,879.1,l,205.89,mass→vol
jiomart,Gurugram,122002,onion,ok,Onion (Approx. 900 g - 1000 g),900 g,60,60,950.0,kg,63.16,
jiomart,Gurugram,122002,paneer,na,,,,,,kg,,
jiomart,Gurugram,122002,parleg,na,,,,,,100g,,
jiomart,Gurugram,122002,potato,ok,Potato (Approx. 900 g - 1000 g),900 g,22,22,950.0,kg,23.16,
jiomart,Gurugram,122002,rice,ok,India Gate Rozana Basmati Rice 5 kg,5 kg,463,620,5000.0,kg,92.6,pack≠std
jiomart,Gurugram,122002,salt,ok,Tata Salt 2 kg,2 kg,54,58,2000.0,kg,27.0,
jiomart,Gurugram,122002,sugar,ok,Loose Sugar M 1 kg,1 kg,60,60,1000.0,kg,60.0,
jiomart,Gurugram,122002,tea,na,,,,,,100g,,
jiomart,Gurugram,122002,tomato,ok,Tomato Hybrid500 g,OS,29,29,500.0,kg,58.0,
jiomart,Gurugram,122002,toothpaste,ok,Colgate Strong Teeth Dental Cream Toothpaste 200 g,200 g,128,135,200.0,100g,64.0,
jiomart,Gurugram,122002,turmeric,na,,,,,,100g,,
jiomart,Gurugram,122002,vim,ok,Vim Lemon Dishwash Bar 275 g,275 g,29,30,275.0,100g,10.55,
jiomart,Hyderabad,500081,atta,ok,Aashirvaad Superior Whole Wheat MP Atta 5 kg,5 kg,309,358,5000.0,kg,61.8,
jiomart,Hyderabad,500081,bhindi,na,,,,,,kg,,
jiomart,Hyderabad,500081,butter,ok,Amul Pasteurised Butter 100 g,100 g,62,63,100.0,100g,62.0,
jiomart,Hyderabad,500081,carrot,na,,,,,,kg,,
jiomart,Hyderabad,500081,chilli,ok,Chilli Green 200 g,200 g,20,20,200.0,kg,100.0,
jiomart,Hyderabad,500081,coriander,na,,,,,,kg,,
jiomart,Hyderabad,500081,curd,na,,,,,,kg,,
jiomart,Hyderabad,500081,dal,na,,,,,,kg,,
jiomart,Hyderabad,500081,detergent,ok,Surf Excel Easy Wash Detergent Powder 5 kg,5 kg,741,780,5000.0,kg,148.2,pack≠std
jiomart,Hyderabad,500081,eggs,na,,,,,,pc,,
jiomart,Hyderabad,500081,garlic,ok,Indian Garlic 250 g,250 g,72,72,250.0,kg,288.0,
jiomart,Hyderabad,500081,ghee,na,,,,,,l,,
jiomart,Hyderabad,500081,ginger,ok,Ginger 250 g,250 g,42,42,250.0,kg,168.0,
jiomart,Hyderabad,500081,maggi,ok,Maggi 2-Minute Masala Instant Noodles 560 g,560 g,105,120,560.0,100g,18.75,
jiomart,Hyderabad,500081,milk,ok,Amul Taaza Toned Milky Milk 500 ml,500 ml,30,30,500.0,l,60.0,
jiomart,Hyderabad,500081,oil,na,,,,,,l,,
jiomart,Hyderabad,500081,onion,ok,Onion (Approx. 900 g - 1000 g),900 g,60,60,950.0,kg,63.16,
jiomart,Hyderabad,500081,paneer,ok,Amul Fresh Paneer 200 g (Pack),200 g,97,97,200.0,kg,485.0,
jiomart,Hyderabad,500081,parleg,na,,,,,,100g,,
jiomart,Hyderabad,500081,potato,na,,,,,,kg,,
jiomart,Hyderabad,500081,rice,na,,,,,,kg,,
jiomart,Hyderabad,500081,salt,na,,,,,,kg,,
jiomart,Hyderabad,500081,sugar,na,,,,,,kg,,
jiomart,Hyderabad,500081,tea,ok,Tata Tea Premium Desh Ki Chai 250 g,250 g,128,135,250.0,100g,51.2,
jiomart,Hyderabad,500081,tomato,ok,Tomato Hybrid500 g,500 g,24,24,500.0,kg,48.0,
jiomart,Hyderabad,500081,toothpaste,ok,Colgate Strong Teeth Dental Cream Toothpaste 200 g,200 g,128,135,200.0,100g,64.0,
jiomart,Hyderabad,500081,turmeric,ok,Everest Turmeric Powder 200 g,200 g,93,100,200.0,100g,46.5,
jiomart,Hyderabad,500081,vim,na,,,,,,100g,,
jiomart,Indore,452010,atta,ok,Aashirvaad Shudh Whole Wheat Chakki Atta 5 kg,5 kg,249,286,5000.0,kg,49.8,
jiomart,Indore,452010,bhindi,ok,Okra 250 g,250 g,16,16,250.0,kg,64.0,
jiomart,Indore,452010,butter,ok,Amul Pasteurised Butter 100 g,100 g,62,63,100.0,100g,62.0,
jiomart,Indore,452010,carrot,ok,Carrot Orange 500 g,500 g,25,25,500.0,kg,50.0,
jiomart,Indore,452010,chilli,ok,Green Chillies Dark 200 g,200 g,15,15,200.0,kg,75.0,
jiomart,Indore,452010,coriander,ok,Coriander Bunch (Approx 100 g - 150 g),1 Pieces,10,10,125.0,kg,80.0,
jiomart,Indore,452010,curd,ok,Amul Masti Dahi 1 kg (Pouch),1 kg,79,80,1000.0,kg,79.0,pack≠std
jiomart,Indore,452010,dal,ok,Tata Sampann Unpolished Tur / Arhar Dal 1 kg,1 kg,231,244,1000.0,kg,231.0,
jiomart,Indore,452010,detergent,ok,Surf Excel Easy Wash Detergent Powder 2 kg,2 kg,290,310,2000.0,kg,145.0,
jiomart,Indore,452010,eggs,na,,,,,,pc,,
jiomart,Indore,452010,garlic,na,,,,,,kg,,
jiomart,Indore,452010,ghee,na,,,,,,l,,
jiomart,Indore,452010,ginger,ok,Ginger 200 g,200 g,25,25,200.0,kg,125.0,
jiomart,Indore,452010,maggi,ok,Maggi 2-Minute Masala Instant Noodles 560 g,560 g,105,120,560.0,100g,18.75,
jiomart,Indore,452010,milk,na,,,,,,l,,
jiomart,Indore,452010,oil,ok,Fortune Sunlite Refined Sunflower Oil 800 g,800 g,174,230,879.1,l,197.93,mass→vol
jiomart,Indore,452010,onion,ok,Onion (Approx. 900 g - 1000 g),900 g,60,60,950.0,kg,63.16,
jiomart,Indore,452010,paneer,ok,Amul Fresh Paneer 200 g (Pack),200 g,92,92,200.0,kg,460.0,
jiomart,Indore,452010,parleg,ok,Parle-G Original Glucose Biscuits 800 g,800 g,92,100,800.0,100g,11.5,pack≠std
jiomart,Indore,452010,potato,ok,Potato (Approx. 900 g - 1000 g),900 g,24,24,950.0,kg,25.26,
jiomart,Indore,452010,rice,na,,,,,,kg,,
jiomart,Indore,452010,salt,na,,,,,,kg,,
jiomart,Indore,452010,sugar,ok,Madhur Pure & Hygienic Sugar 1 kg,1 kg,64,65,1000.0,kg,64.0,
jiomart,Indore,452010,tea,ok,Tata Tea Premium Desh Ki Chai 1 kg,1 kg,510,560,1000.0,100g,51.0,pack≠std
jiomart,Indore,452010,tomato,ok,Tomato 500 g,500 g,19,19,500.0,kg,38.0,
jiomart,Indore,452010,toothpaste,ok,Colgate Strong Teeth Dental Cream Toothpaste 200 g,200 g,128,135,200.0,100g,64.0,
jiomart,Indore,452010,turmeric,ok,Everest Turmeric Powder 500 g,500 g,223,240,500.0,100g,44.6,pack≠std
jiomart,Indore,452010,vim,ok,Vim Dishwash Bar 480 g,480 g,55,60,480.0,100g,11.46,
jiomart,Kolkata,700019,atta,na,,,,,,kg,,
jiomart,Kolkata,700019,bhindi,na,,,,,,kg,,
jiomart,Kolkata,700019,butter,na,,,,,,100g,,
jiomart,Kolkata,700019,carrot,na,,,,,,kg,,
jiomart,Kolkata,700019,chilli,na,,,,,,kg,,
jiomart,Kolkata,700019,coriander,na,,,,,,kg,,
jiomart,Kolkata,700019,curd,na,,,,,,kg,,
jiomart,Kolkata,700019,dal,ok,Tata Sampann Unpolished Tur / Arhar Dal 1 kg,1 kg,231,244,1000.0,kg,231.0,
jiomart,Kolkata,700019,detergent,na,,,,,,kg,,
jiomart,Kolkata,700019,eggs,na,,,,,,pc,,
jiomart,Kolkata,700019,garlic,ok,Indian Garlic 250 g,250 g,79,79,250.0,kg,316.0,
jiomart,Kolkata,700019,ghee,na,,,,,,l,,
jiomart,Kolkata,700019,ginger,na,,,,,,kg,,
jiomart,Kolkata,700019,maggi,na,,,,,,100g,,
jiomart,Kolkata,700019,milk,ok,Amul Taaza Toned Milky Milk 500 ml,500 ml,30,30,500.0,l,60.0,
jiomart,Kolkata,700019,oil,na,,,,,,l,,
jiomart,Kolkata,700019,onion,ok,Onion (Approx. 900 g - 1000 g),900 g,60,60,950.0,kg,63.16,
jiomart,Kolkata,700019,paneer,na,,,,,,kg,,
jiomart,Kolkata,700019,parleg,ok,Parle-G Original Glucose Biscuit 200 g,200 g,28,30,200.0,100g,14.0,
jiomart,Kolkata,700019,potato,na,,,,,,kg,,
jiomart,Kolkata,700019,rice,ok,India Gate Rozana Basmati Rice 5 kg,5 kg,464,620,5000.0,kg,92.8,pack≠std
jiomart,Kolkata,700019,salt,na,,,,,,kg,,
jiomart,Kolkata,700019,sugar,ok,Good Life Sugar (M) 1 kg,1 kg,72,90,1000.0,kg,72.0,
jiomart,Kolkata,700019,tea,ok,Tata Tea Premium Desh Ki Chai 250 g,250 g,114,120,250.0,100g,45.6,
jiomart,Kolkata,700019,tomato,na,,,,,,kg,,
jiomart,Kolkata,700019,toothpaste,ok,Colgate Strong Teeth Dental Cream Toothpaste 200 g,200 g,128,135,200.0,100g,64.0,
jiomart,Kolkata,700019,turmeric,ok,Everest Turmeric Powder 200 g,200 g,93,100,200.0,100g,46.5,
jiomart,Kolkata,700019,vim,na,,,,,,100g,,
jiomart,Lucknow,226010,atta,ok,Aashirvaad Shudh Whole Wheat Chakki Atta 5 kg,5 kg,245,267,5000.0,kg,49.0,
jiomart,Lucknow,226010,bhindi,na,,,,,,kg,,
jiomart,Lucknow,226010,butter,na,,,,,,100g,,
jiomart,Lucknow,226010,carrot,na,,,,,,kg,,
jiomart,Lucknow,226010,chilli,na,,,,,,kg,,
jiomart,Lucknow,226010,coriander,na,,,,,,kg,,
jiomart,Lucknow,226010,curd,ok,Amul Masti Dahi 380 g,380 g,35,35,380.0,kg,92.11,
jiomart,Lucknow,226010,dal,ok,Tata Sampann Unpolished Tur / Arhar Dal 1 kg,1 kg,231,244,1000.0,kg,231.0,
jiomart,Lucknow,226010,detergent,ok,Surf Excel Easy Wash Detergent Powder 500 g,500 g,73,77,500.0,kg,146.0,
jiomart,Lucknow,226010,eggs,na,,,,,,pc,,
jiomart,Lucknow,226010,garlic,ok,Indian Garlic 250 g,250 g,89,89,250.0,kg,356.0,
jiomart,Lucknow,226010,ghee,ok,Amul Cow Ghee 500 ml,500 ml,342,360,500.0,l,684.0,
jiomart,Lucknow,226010,ginger,na,,,,,,kg,,
jiomart,Lucknow,226010,maggi,ok,Maggi 2-Minute Masala Instant Noodles 280 g,280 g,57,60,280.0,100g,20.36,
jiomart,Lucknow,226010,milk,ok,Amul Taaza Toned Milky Milk 500 ml,500 ml,30,30,500.0,l,60.0,
jiomart,Lucknow,226010,oil,ok,Fortune Sunlite Refined Sunflower Oil 4.35 kg,4.35 kg,925,1150,4780.2,l,193.51,mass→vol;pack≠std
jiomart,Lucknow,226010,onion,ok,Onion (Approx. 900 g - 1000 g),900 g,60,60,950.0,kg,63.16,
jiomart,Lucknow,226010,paneer,ok,Amul Fresh Paneer 200 g (Pack),200 g,95,95,200.0,kg,475.0,
jiomart,Lucknow,226010,parleg,na,,,,,,100g,,
jiomart,Lucknow,226010,potato,ok,Potato (Approx. 900 g - 1000 g),900 g,22,22,950.0,kg,23.16,
jiomart,Lucknow,226010,rice,na,,,,,,kg,,
jiomart,Lucknow,226010,salt,na,,,,,,kg,,
jiomart,Lucknow,226010,sugar,na,,,,,,kg,,
jiomart,Lucknow,226010,tea,na,,,,,,100g,,
jiomart,Lucknow,226010,tomato,na,,,,,,kg,,
jiomart,Lucknow,226010,toothpaste,ok,Colgate Strong Teeth Dental Cream Toothpaste 200 g,200 g,128,135,200.0,100g,64.0,
jiomart,Lucknow,226010,turmeric,na,,,,,,100g,,
jiomart,Lucknow,226010,vim,ok,Vim Lemon Dishwash Bar 275 g,275 g,29,30,275.0,100g,10.55,
jiomart,Mumbai,400050,atta,ok,Aashirvaad Superior Whole Wheat MP Atta 5 kg,OS,269,314,5000.0,kg,53.8,
jiomart,Mumbai,400050,bhindi,ok,Okra 500 g,500 g,32,32,500.0,kg,64.0,
jiomart,Mumbai,400050,butter,ok,Amul Pasteurised Butter 100 g,100 g,62,63,100.0,100g,62.0,
jiomart,Mumbai,400050,carrot,ok,Carrot 1 Pack (Approx 450 g - 500 g),500 g,42,42,475.0,kg,88.42,
jiomart,Mumbai,400050,chilli,ok,Chilli Green 100 g Pack,100 g,12,12,100.0,kg,120.0,
jiomart,Mumbai,400050,coriander,na,,,,,,kg,,
jiomart,Mumbai,400050,curd,ok,Amul Masti Dahi 200 g (Cup),200 G,25,25,200.0,kg,125.0,
jiomart,Mumbai,400050,dal,na,,,,,,kg,,
jiomart,Mumbai,400050,detergent,ok,Surf Excel Easy Wash Detergent Powder 1 kg,1 kg,158,167,1000.0,kg,158.0,
jiomart,Mumbai,400050,eggs,na,,,,,,pc,,
jiomart,Mumbai,400050,garlic,ok,Garlic 100 g,100 g,32,32,100.0,kg,320.0,
jiomart,Mumbai,400050,ghee,ok,Amul Pure Ghee 500 ml (Pouch),OS,318,325,500.0,l,636.0,
jiomart,Mumbai,400050,ginger,ok,Ginger 100 g,OS,32,32,100.0,kg,320.0,
jiomart,Mumbai,400050,maggi,ok,Maggi 2-Minute Masala Instant Noodles 70 g,70 g,15,15,70.0,100g,21.43,pack≠std
jiomart,Mumbai,400050,milk,ok,Amul Taaza Toned Milky Milk 500 ml,500 ml,30,30,500.0,l,60.0,
jiomart,Mumbai,400050,oil,na,,,,,,l,,
jiomart,Mumbai,400050,onion,ok,Onion (Approx. 900 g - 1000 g),900 g,60,60,950.0,kg,63.16,
jiomart,Mumbai,400050,paneer,na,,,,,,kg,,
jiomart,Mumbai,400050,parleg,ok,Parle-G Original Glucose Biscuits 800 g,800 g,92,100,800.0,100g,11.5,pack≠std
jiomart,Mumbai,400050,potato,ok,Potato (Approx. 900 g - 1000 g),900 g,26,26,950.0,kg,27.37,
jiomart,Mumbai,400050,rice,na,,,,,,kg,,
jiomart,Mumbai,400050,salt,na,,,,,,kg,,
jiomart,Mumbai,400050,sugar,ok,Good Life Sugar (M) 1 kg,1 kg,64,90,1000.0,kg,64.0,
jiomart,Mumbai,400050,tea,ok,Tata Tea Premium Desh Ki Chai 1 kg,1 kg,530,580,1000.0,100g,53.0,pack≠std
jiomart,Mumbai,400050,tomato,ok,Tomato Hybrid500 g,500 g,20,20,500.0,kg,40.0,
jiomart,Mumbai,400050,toothpaste,ok,Colgate Strong Teeth Dental Cream Toothpaste 100 g,100 g,69,73,100.0,100g,69.0,
jiomart,Mumbai,400050,turmeric,na,,,,,,100g,,
jiomart,Mumbai,400050,vim,ok,Vim Dishwash Bar 480 g,480 g,55,60,480.0,100g,11.46,
jiomart,Pune,411038,atta,ok,Aashirvaad Shudh Whole Wheat Chakki Atta 5 kg,5 kg,247,268,5000.0,kg,49.4,
jiomart,Pune,411038,bhindi,ok,Okra 250 g,250 g,11,11,250.0,kg,44.0,
jiomart,Pune,411038,butter,na,,,,,,100g,,
jiomart,Pune,411038,carrot,ok,Carrot Orange 500 g,500 g,45,45,500.0,kg,90.0,
jiomart,Pune,411038,chilli,ok,Green Chillies Dark 200 g,200 g,20,20,200.0,kg,100.0,
jiomart,Pune,411038,coriander,ok,Coriander Bunch (Approx 100 g - 150 g),OS,12,12,125.0,kg,96.0,
jiomart,Pune,411038,curd,na,,,,,,kg,,
jiomart,Pune,411038,dal,ok,Tata Sampann Unpolished Tur / Arhar Dal 1 kg,1 kg,231,244,1000.0,kg,231.0,
jiomart,Pune,411038,detergent,ok,Surf Excel Easy Wash Detergent Powder 2 kg,OS,290,310,2000.0,kg,145.0,
jiomart,Pune,411038,eggs,na,,,,,,pc,,
jiomart,Pune,411038,garlic,ok,Indian Garlic 200 g,200 g,65,65,200.0,kg,325.0,
jiomart,Pune,411038,ghee,ok,Amul Cow Ghee 1 L Pouch,1 L,660,695,1000.0,l,660.0,
jiomart,Pune,411038,ginger,ok,Ginger 200 g,200 g,55,55,200.0,kg,275.0,
jiomart,Pune,411038,maggi,ok,Maggi 2-Minute Masala Instant Noodles 560 g,560 g,105,120,560.0,100g,18.75,
jiomart,Pune,411038,milk,ok,Amul Taaza Toned Milky Milk 500 ml,500 ml,29,29,500.0,l,58.0,
jiomart,Pune,411038,oil,ok,Fortune Sunlite Refined Sunflower Oil 800 g,800 g,172,230,879.1,l,195.65,mass→vol
jiomart,Pune,411038,onion,ok,Onion (Approx. 900 g - 1000 g),900 g,60,60,950.0,kg,63.16,
jiomart,Pune,411038,paneer,na,,,,,,kg,,
jiomart,Pune,411038,parleg,ok,Parle-G Original Glucose Biscuits 800 g,800 g,92,100,800.0,100g,11.5,pack≠std
jiomart,Pune,411038,potato,ok,Potato (Approx. 900 g - 1000 g),900 g,32,32,950.0,kg,33.68,
jiomart,Pune,411038,rice,ok,India Gate Rozana Basmati Rice 5 kg,5 KG,489,620,5000.0,kg,97.8,pack≠std
jiomart,Pune,411038,salt,ok,Tata Salt 2 kg,2 kg,56,62,2000.0,kg,28.0,
jiomart,Pune,411038,sugar,ok,Loose Sugar M 1 kg,OS,60,60,1000.0,kg,60.0,
jiomart,Pune,411038,tea,ok,Tata Tea Premium Desh Ki Chai 250 g,250 g,147,155,250.0,100g,58.8,
jiomart,Pune,411038,tomato,ok,Tomato 500 g,500 g,17,17,500.0,kg,34.0,
jiomart,Pune,411038,toothpaste,ok,Colgate Strong Teeth Dental Cream Toothpaste 200 g,200 g,128,135,200.0,100g,64.0,
jiomart,Pune,411038,turmeric,ok,Everest Turmeric Powder 500 g,500 g,223,240,500.0,100g,44.6,pack≠std
jiomart,Pune,411038,vim,ok,Vim Dishwash Bar 480 g,480 g,55,60,480.0,100g,11.46,
zepto,Bengaluru,560034,atta,ok,"Superior MP Wheat Atta, 0% Maida | Aashirvaad",(5 kg),306,358,5000.0,kg,61.2,
zepto,Bengaluru,560034,bhindi,ok,Lady Finger,500 g,36,81,500.0,kg,72.0,
zepto,Bengaluru,560034,butter,ok,Amul Salted Butter,(100 g),63,63,100.0,100g,63.0,
zepto,Bengaluru,560034,carrot,ok,Carrot Local,500 g,31,87,500.0,kg,62.0,
zepto,Bengaluru,560034,chilli,ok,Chilli Green,100 g,14,33,100.0,kg,140.0,
zepto,Bengaluru,560034,coriander,ok,Coriander Leaves,100 g,14,29,100.0,kg,140.0,
zepto,Bengaluru,560034,curd,ok,Amul Masti Curd Pouch,(450 g),27,40,450.0,kg,60.0,
zepto,Bengaluru,560034,dal,ok,Tata Sampann Unpolished Toor Dal/Arhar Dal,(1 kg),162,224,1000.0,kg,162.0,
zepto,Bengaluru,560034,detergent,ok,Surf Excel Easy Wash Detergent Powder,(1 kg),168,172,1000.0,kg,168.0,
zepto,Bengaluru,560034,eggs,ok,Fresh White Eggs,(6 pcs),53,75,6,pc,8.83,
zepto,Bengaluru,560034,garlic,ok,Garlic,100 g,48,54,100.0,kg,480.0,
zepto,Bengaluru,560034,ghee,ok,Amul Pure Ghee | Carton | Classic & Authentic,(1 L),660,660,1000.0,l,660.0,
zepto,Bengaluru,560034,ginger,ok,Ginger,200 g,42,92,200.0,kg,210.0,
zepto,Bengaluru,560034,maggi,ok,MAGGI 2-Minute Instant Noodles | Masala Noodles | ,(280 g or 300 g),59,60,300.0,100g,19.67,two fills listed
zepto,Bengaluru,560034,milk,ok,Amul Taaza Toned Fresh Milk | Pouch,(500 ml),29,29,500.0,l,58.0,
zepto,Bengaluru,560034,oil,ok,Fortune Refined Sunflower Oil | Pouch,(840 g or 910 g),175,215,1000.0,l,175.0,two fills listed;mass→vol
zepto,Bengaluru,560034,onion,ok,Onion,900 g - 1 kg,66,127,950.0,kg,69.47,
zepto,Bengaluru,560034,paneer,ok,Amul Fresh Malai Paneer,(200 g),105,105,200.0,kg,525.0,
zepto,Bengaluru,560034,parleg,ok,Parle-G Original Gluco Biscuits,(250 g),30,30,250.0,100g,12.0,
zepto,Bengaluru,560034,potato,ok,Potato,900 g - 1 kg,27,55,950.0,kg,28.42,
zepto,Bengaluru,560034,rice,ok,India Gate All Rounder Feast Rozzana Basmati Rice ,(1 kg),104,125,1000.0,kg,104.0,
zepto,Bengaluru,560034,salt,ok,Tata Salt | Free Flowing and Iodized Namak | Vacuu,(1 kg),28,32,1000.0,kg,28.0,
zepto,Bengaluru,560034,sugar,ok,BestValue Sugar,(1 kg),61,95,1000.0,kg,61.0,
zepto,Bengaluru,560034,tea,ok,Tata Tea Premium Desh Ki Chai,(250 g),134,135,250.0,100g,53.6,
zepto,Bengaluru,560034,tomato,ok,Tomato Hybrid,500 g,20,52,500.0,kg,40.0,
zepto,Bengaluru,560034,toothpaste,ok,Colgate Strong Teeth Anticavity Toothpaste,(200 g),135,135,200.0,100g,67.5,
zepto,Bengaluru,560034,turmeric,ok,Everest Turmeric Powder,(100 g),40,48,100.0,100g,40.0,
zepto,Bengaluru,560034,vim,ok,Vim Lemon Dishwash Bar,(300 g or 275 g),19,20,300.0,100g,6.33,two fills listed
zepto,Chennai,600020,atta,ok,"Superior MP Wheat Atta, 0% Maida | Aashirvaad",(5 kg),305,358,5000.0,kg,61.0,
zepto,Chennai,600020,bhindi,ok,Lady Finger (Vendikaai),250 g,18,37,250.0,kg,72.0,
zepto,Chennai,600020,butter,ok,Amul Salted Butter,(100 g),63,63,100.0,100g,63.0,
zepto,Chennai,600020,carrot,ok,Carrot Ooty,200 - 300 g,28,59,250.0,kg,112.0,
zepto,Chennai,600020,chilli,ok,Chilli Green (Pachchai Milagai),100 g,14,22,100.0,kg,140.0,
zepto,Chennai,600020,coriander,ok,"Coriander Leaves (Koththamalli) - Cleaned, with ro",80 - 100 g,18,30,90.0,kg,200.0,
zepto,Chennai,600020,curd,ok,Amul Masti Curd Pouch,(450 g),36,36,450.0,kg,80.0,
zepto,Chennai,600020,dal,ok,Tata Sampann Unpolished Toor Dal/Arhar Dal,(1 kg),179,234,1000.0,kg,179.0,
zepto,Chennai,600020,detergent,ok,Surf Excel Easy Wash Detergent Powder,(1 kg),189,189,1000.0,kg,189.0,
zepto,Chennai,600020,eggs,ok,Fresh White Eggs,(6 pcs),34,75,6,pc,5.67,
zepto,Chennai,600020,garlic,ok,Garlic,200 g,62,119,200.0,kg,310.0,
zepto,Chennai,600020,ghee,ok,Amul Cow Ghee | Carton/Refill,(1 L),665,665,1000.0,l,665.0,
zepto,Chennai,600020,ginger,ok,Ginger (Inji),200 g,49,92,200.0,kg,245.0,
zepto,Chennai,600020,maggi,ok,MAGGI 2-Minute Instant Noodles | Masala Noodles | ,(280 g or 300 g),60,60,300.0,100g,20.0,two fills listed
zepto,Chennai,600020,milk,ok,Amul Taaza Toned Fresh Milk | Pouch,(500 ml),29,29,500.0,l,58.0,
zepto,Chennai,600020,oil,ok,Fortune Refined Sunflower Oil | Pouch,(840 g or 910 g),175,215,1000.0,l,175.0,two fills listed;mass→vol
zepto,Chennai,600020,onion,ok,Onion (Vengayam),900 g - 1 kg,69,123,950.0,kg,72.63,
zepto,Chennai,600020,paneer,ok,Amul Fresh Malai Paneer,(200 g),105,105,200.0,kg,525.0,
zepto,Chennai,600020,parleg,ok,Parle-G Original Gluco Biscuits,(250 g),30,30,250.0,100g,12.0,
zepto,Chennai,600020,potato,ok,Potato (Urulai Kilangu),900 g - 1 kg,28,73,950.0,kg,29.47,
zepto,Chennai,600020,rice,ok,India Gate All Rounder Feast Rozzana Basmati Rice ,(1 kg),104,125,1000.0,kg,104.0,
zepto,Chennai,600020,salt,ok,Tata Salt | Free Flowing and Iodized Namak | Vacuu,(1 kg),29,32,1000.0,kg,29.0,
zepto,Chennai,600020,sugar,ok,BestValue Sugar,(1 kg),65,95,1000.0,kg,65.0,
zepto,Chennai,600020,tea,ok,Tata Tea Premium Desh Ki Chai,(250 g),135,135,250.0,100g,54.0,
zepto,Chennai,600020,tomato,ok,Tomato Hybrid,500 g,23,61,500.0,kg,46.0,
zepto,Chennai,600020,toothpaste,ok,Colgate Strong Teeth Anticavity Toothpaste,(200 g),135,135,200.0,100g,67.5,
zepto,Chennai,600020,turmeric,ok,Everest Turmeric Powder,(100 g),44,48,100.0,100g,44.0,
zepto,Chennai,600020,vim,ok,Vim Lemon Dishwash Bar,(300 g or 275 g),20,20,300.0,100g,6.67,two fills listed
zepto,New Delhi,110017,atta,ok,Aashirvaad Shudh Chakki Atta | Pure Atta 0% Maida,(5 kg),244,267,5000.0,kg,48.8,
zepto,New Delhi,110017,bhindi,ok,Lady Finger,250 g,14,49,250.0,kg,56.0,
zepto,New Delhi,110017,butter,ok,Amul Salted Butter,(100 g),63,63,100.0,100g,63.0,
zepto,New Delhi,110017,carrot,ok,Carrot Ooty,500 - 550 g,44,80,525.0,kg,83.81,
zepto,New Delhi,110017,chilli,ok,Chilli Green,100 g,18,29,100.0,kg,180.0,
zepto,New Delhi,110017,coriander,ok,Coriander Leaves,100 g,36,84,100.0,kg,360.0,
zepto,New Delhi,110017,curd,ok,Amul Masti Dahi Pouch,(380 g or 390 g),35,35,390.0,kg,89.74,two fills listed
zepto,New Delhi,110017,dal,ok,Tata Sampann Unpolished Toor Dal/Arhar Dal,(1 kg),177,234,1000.0,kg,177.0,
zepto,New Delhi,110017,detergent,ok,Surf Excel Easy Wash Detergent Powder,(1 kg),147,147,1000.0,kg,147.0,
zepto,New Delhi,110017,eggs,ok,Daily Eggs White Fresh Eggs,(6 pcs),48,75,6,pc,8.0,
zepto,New Delhi,110017,garlic,ok,Garlic,250 g,88,117,250.0,kg,352.0,
zepto,New Delhi,110017,ghee,ok,Amul Pure Ghee Pouch | Classic & Authentic,(1 L),660,660,1000.0,l,660.0,
zepto,New Delhi,110017,ginger,ok,Ginger (New),200 g,33,48,200.0,kg,165.0,
zepto,New Delhi,110017,maggi,ok,MAGGI 2-Minute Instant Noodles | Masala Noodles | ,(280 g or 300 g),60,60,300.0,100g,20.0,two fills listed
zepto,New Delhi,110017,milk,ok,Amul Taaza Toned Fresh Milk | Pouch,(500 ml),28,30,500.0,l,56.0,
zepto,New Delhi,110017,oil,ok,Fortune Sunlite Refined Sunflower Oil | Pouch,(800 g),184,225,879.1,l,209.3,mass→vol
zepto,New Delhi,110017,onion,ok,Onion,900 g - 1 kg,67,125,950.0,kg,70.53,
zepto,New Delhi,110017,paneer,ok,Amul Fresh Malai Paneer,(200 g),95,95,200.0,kg,475.0,
zepto,New Delhi,110017,parleg,ok,Parle-G Original Gluco Biscuits,(250 g),30,30,250.0,100g,12.0,
zepto,New Delhi,110017,potato,ok,Potato,900 g - 1 kg,22,53,950.0,kg,23.16,
zepto,New Delhi,110017,rice,ok,India Gate All Rounder Feast Rozzana Basmati Rice ,(1 kg),104,125,1000.0,kg,104.0,
zepto,New Delhi,110017,salt,ok,Tata Salt | Free Flowing and Iodized Namak | Vacuu,(1 kg),29,32,1000.0,kg,29.0,
zepto,New Delhi,110017,sugar,ok,BestValue Sugar,(1 kg),60,95,1000.0,kg,60.0,
zepto,New Delhi,110017,tea,ok,Tata Tea Premium Desh Ki Chai,(250 g),133,140,250.0,100g,53.2,
zepto,New Delhi,110017,tomato,ok,Tomato Hybrid,500 g,32,61,500.0,kg,64.0,
zepto,New Delhi,110017,toothpaste,ok,Colgate Strong Teeth Anticavity Toothpaste,(200 g),131,135,200.0,100g,65.5,
zepto,New Delhi,110017,turmeric,ok,Everest Turmeric Powder Pouch,(200 g),96,96,200.0,100g,48.0,
zepto,New Delhi,110017,vim,ok,Vim Lemon Dishwash Bar,(300 g or 275 g),30,30,300.0,100g,10.0,two fills listed
zepto,Gurugram,122002,atta,ok,Aashirvaad Shudh Chakki Atta | Pure Atta 0% Maida,(5 kg),244,267,5000.0,kg,48.8,
zepto,Gurugram,122002,bhindi,ok,Lady Finger,250 g,15,48,250.0,kg,60.0,
zepto,Gurugram,122002,butter,ok,Amul Salted Butter,(100 g),63,63,100.0,100g,63.0,
zepto,Gurugram,122002,carrot,ok,Carrot Ooty,500 - 550 g,44,93,525.0,kg,83.81,
zepto,Gurugram,122002,chilli,ok,Chilli Green,100 g,18,26,100.0,kg,180.0,
zepto,Gurugram,122002,coriander,ok,Coriander Leaves,100 g,37,69,100.0,kg,370.0,
zepto,Gurugram,122002,curd,ok,Amul Masti Dahi Pouch,(380 g or 390 g),35,35,390.0,kg,89.74,two fills listed
zepto,Gurugram,122002,dal,ok,Tata Sampann Unpolished Toor Dal/Arhar Dal,(1 kg),174,234,1000.0,kg,174.0,
zepto,Gurugram,122002,detergent,ok,Surf Excel Easy Wash Detergent Powder,(1 kg),147,147,1000.0,kg,147.0,
zepto,Gurugram,122002,eggs,ok,The Egg Co. Farm Fresh White Eggs,(6 pcs),47,74,6,pc,7.83,
zepto,Gurugram,122002,garlic,ok,Garlic,250 g,84,147,250.0,kg,336.0,
zepto,Gurugram,122002,ghee,ok,Amul Pure Ghee | Carton | Classic & Authentic,(1 L),660,660,1000.0,l,660.0,
zepto,Gurugram,122002,ginger,ok,Ginger (New),200 g,35,57,200.0,kg,175.0,
zepto,Gurugram,122002,maggi,ok,MAGGI 2-Minute Instant Noodles | Masala Noodles | ,(280 g or 300 g),60,60,300.0,100g,20.0,two fills listed
zepto,Gurugram,122002,milk,ok,Amul Taaza Toned Fresh Milk | Pouch,(500 ml),30,30,500.0,l,60.0,
zepto,Gurugram,122002,oil,ok,Fortune Sunlite Refined Sunflower Oil | Pouch,(800 g),184,225,879.1,l,209.3,mass→vol
zepto,Gurugram,122002,onion,ok,Onion,900 g - 1 kg,67,120,950.0,kg,70.53,
zepto,Gurugram,122002,paneer,na,,,,,,kg,,
zepto,Gurugram,122002,parleg,ok,Parle-G Original Gluco Biscuits,(250 g),30,30,250.0,100g,12.0,
zepto,Gurugram,122002,potato,ok,Potato,900 g - 1 kg,22,54,950.0,kg,23.16,
zepto,Gurugram,122002,rice,ok,India Gate All Rounder Feast Rozzana Basmati Rice ,(1 kg),104,125,1000.0,kg,104.0,
zepto,Gurugram,122002,salt,ok,Tata Salt | Free Flowing and Iodized Namak | Vacuu,(1 kg),29,32,1000.0,kg,29.0,
zepto,Gurugram,122002,sugar,ok,Dhampur Mishti Premium Sugar,(1 kg),71,75,1000.0,kg,71.0,
zepto,Gurugram,122002,tea,ok,Tata Tea Premium Care,(250 g),136,145,250.0,100g,54.4,
zepto,Gurugram,122002,tomato,ok,Tomato Hybrid,500 g,33,66,500.0,kg,66.0,
zepto,Gurugram,122002,toothpaste,ok,Colgate Strong Teeth Anticavity Toothpaste,(200 g),135,135,200.0,100g,67.5,
zepto,Gurugram,122002,turmeric,ok,Everest Turmeric Powder Pouch,(200 g),96,96,200.0,100g,48.0,
zepto,Gurugram,122002,vim,ok,Vim Lemon Dishwash Bar,(300 g or 275 g),30,30,300.0,100g,10.0,two fills listed
zepto,Hyderabad,500081,atta,ok,"Superior MP Wheat Atta, 0% Maida | Aashirvaad",(2 kg),94,99,2000.0,kg,47.0,pack≠std
zepto,Hyderabad,500081,bhindi,ok,Lady Finger,500 g,38,75,500.0,kg,76.0,
zepto,Hyderabad,500081,butter,ok,Amul Salted Butter,(100 g),63,63,100.0,100g,63.0,
zepto,Hyderabad,500081,carrot,ok,Carrot Local,500 g,42,93,500.0,kg,84.0,
zepto,Hyderabad,500081,chilli,ok,Chilli Green,200 g,26,48,200.0,kg,130.0,
zepto,Hyderabad,500081,coriander,ok,"Coriander Leaves (Kothimeera) - Cleaned, with root",100 g,19,54,100.0,kg,190.0,
zepto,Hyderabad,500081,curd,ok,Amul Masti Dahi Pouch,(380 g or 390 g),35,35,390.0,kg,89.74,two fills listed
zepto,Hyderabad,500081,dal,ok,Tata Sampann Unpolished Toor Dal/Arhar Dal,(1 kg),174,234,1000.0,kg,174.0,
zepto,Hyderabad,500081,detergent,ok,Surf Excel Easy Wash Detergent Powder,(1 kg),167,172,1000.0,kg,167.0,
zepto,Hyderabad,500081,eggs,ok,Sneha White Eggs,(6 pcs),52,75,6,pc,8.67,
zepto,Hyderabad,500081,garlic,ok,Garlic Cloves,250 G,59,106,250.0,kg,236.0,
zepto,Hyderabad,500081,ghee,ok,Amul Pure Ghee Pouch | Classic & Authentic,(1 L),640,640,1000.0,l,640.0,
zepto,Hyderabad,500081,ginger,ok,Ginger,200 g,25,25,200.0,kg,125.0,
zepto,Hyderabad,500081,maggi,ok,MAGGI 2-Minute Instant Noodles | Masala Noodles | ,(280 g or 300 g),60,60,300.0,100g,20.0,two fills listed
zepto,Hyderabad,500081,milk,ok,Amul Taaza Toned Fresh Milk | Pouch,(500 ml),30,30,500.0,l,60.0,
zepto,Hyderabad,500081,oil,ok,Fortune Sunlite Refined Sunflower Oil | Pouch,(800 g),132,185,879.1,l,150.15,mass→vol
zepto,Hyderabad,500081,onion,ok,Onion,900 g - 1 kg,68,128,950.0,kg,71.58,
zepto,Hyderabad,500081,paneer,ok,Amul Fresh Malai Paneer,(200 g),97,97,200.0,kg,485.0,
zepto,Hyderabad,500081,parleg,ok,Parle-G Original Gluco Biscuits,(250 g),30,30,250.0,100g,12.0,
zepto,Hyderabad,500081,potato,ok,Potato,900 g - 1 kg,32,77,950.0,kg,33.68,
zepto,Hyderabad,500081,rice,ok,India Gate All Rounder Feast Rozzana Basmati Rice ,(5 kg),494,620,5000.0,kg,98.8,pack≠std
zepto,Hyderabad,500081,salt,ok,Tata Salt | Free Flowing and Iodized Namak | Vacuu,(1 kg),29,32,1000.0,kg,29.0,
zepto,Hyderabad,500081,sugar,ok,Daily Good Refined Sugar,(1 kg),64,85,1000.0,kg,64.0,
zepto,Hyderabad,500081,tea,ok,Tata Tea Premium Desh Ki Chai,(250 g),135,135,250.0,100g,54.0,
zepto,Hyderabad,500081,tomato,ok,Tomato Local,500 g,24,61,500.0,kg,48.0,
zepto,Hyderabad,500081,toothpaste,ok,Colgate Strong Teeth Anticavity Toothpaste,(200 g),135,135,200.0,100g,67.5,
zepto,Hyderabad,500081,turmeric,ok,Everest Turmeric Powder,(100 g),48,48,100.0,100g,48.0,
zepto,Hyderabad,500081,vim,ok,Vim Lemon Dishwash Bar,(300 g or 275 g),20,20,300.0,100g,6.67,two fills listed
zepto,Indore,452010,atta,ok,Aashirvaad Shudh Chakki Atta | Pure Atta 0% Maida,(5 kg),250,291,5000.0,kg,50.0,
zepto,Indore,452010,bhindi,ok,Lady Finger | Combo,250 g X 2,36,70,500.0,kg,72.0,
zepto,Indore,452010,butter,ok,Amul Salted Butter,(100 g),63,63,100.0,100g,63.0,
zepto,Indore,452010,carrot,ok,Carrot Ooty,500 - 550 g,47,47,525.0,kg,89.52,
zepto,Indore,452010,chilli,ok,Chilli Green,100 g,11,18,100.0,kg,110.0,
zepto,Indore,452010,coriander,ok,"Coriander Leaves Premium - Cleaned, without roots",100 g,18,40,100.0,kg,180.0,
zepto,Indore,452010,curd,ok,Amul Masti Dahi Pouch,(380 g or 390 g),35,35,390.0,kg,89.74,two fills listed
zepto,Indore,452010,dal,ok,Tata Sampann Unpolished Toor Dal/Arhar Dal,(1 kg),179,234,1000.0,kg,179.0,
zepto,Indore,452010,detergent,ok,Surf Excel Easy Wash Detergent Powder,(1 kg),152,167,1000.0,kg,152.0,
zepto,Indore,452010,eggs,ok,Andaah Natural White Eggs,(6 pcs),80,84,6,pc,13.33,
zepto,Indore,452010,garlic,ok,Garlic Clove Combo,100 g X 2,36,72,200.0,kg,180.0,
zepto,Indore,452010,ghee,ok,Amul Cow Ghee | Pouch,(1 L),695,695,1000.0,l,695.0,
zepto,Indore,452010,ginger,ok,Ginger (New),200 g,61,74,200.0,kg,305.0,
zepto,Indore,452010,maggi,ok,MAGGI 2-Minute Instant Noodles | Masala Noodles | ,(70 g or 75 g),15,15,75.0,100g,20.0,two fills listed;pack≠std
zepto,Indore,452010,milk,na,,,,,,l,,
zepto,Indore,452010,oil,ok,Fortune Sunlite Refined Sunflower Oil | Pouch,(800 g),182,225,879.1,l,207.03,mass→vol
zepto,Indore,452010,onion,ok,Onion,900 g - 1 kg,67,94,950.0,kg,70.53,
zepto,Indore,452010,paneer,ok,Amul Fresh Malai Paneer,(200 g),92,92,200.0,kg,460.0,
zepto,Indore,452010,parleg,ok,Parle-G Original Gluco Biscuits,(250 g),30,30,250.0,100g,12.0,
zepto,Indore,452010,potato,ok,Potato,900 g - 1 kg,24,38,950.0,kg,25.26,
zepto,Indore,452010,rice,na,,,,,,kg,,
zepto,Indore,452010,salt,ok,Tata Salt | Free Flowing and Iodized Namak | Vacuu,(1 kg),29,32,1000.0,kg,29.0,
zepto,Indore,452010,sugar,ok,Jivana Classic Sugar,(1 kg),65,100,1000.0,kg,65.0,
zepto,Indore,452010,tea,ok,Tata Tea Premium Desh Ki Chai,(250 g),126,155,250.0,100g,50.4,
zepto,Indore,452010,tomato,ok,Tomato Local,500 g,18,47,500.0,kg,36.0,
zepto,Indore,452010,toothpaste,ok,Colgate Strong Teeth Anticavity Toothpaste,(150 g),103,103,150.0,100g,68.67,
zepto,Indore,452010,turmeric,ok,Everest Turmeric Powder,(100 g),42,48,100.0,100g,42.0,
zepto,Indore,452010,vim,ok,Vim Lemon Dishwash Bar,(300 g or 275 g),30,30,300.0,100g,10.0,two fills listed
zepto,Kolkata,700019,atta,ok,Aashirvaad Shudh Chakki Atta | Pure Atta 0% Maida,(5 kg),238,278,5000.0,kg,47.6,
zepto,Kolkata,700019,bhindi,ok,Lady Finger Combo,250 g X 2,36,72,500.0,kg,72.0,
zepto,Kolkata,700019,butter,ok,Amul Salted Butter,(100 g),63,63,100.0,100g,63.0,
zepto,Kolkata,700019,carrot,ok,Carrot Orange,500 g,40,87,500.0,kg,80.0,
zepto,Kolkata,700019,chilli,ok,Chilli Green Long,100 g,15,23,100.0,kg,150.0,
zepto,Kolkata,700019,coriander,ok,Coriander Leaves,100 g,23,63,100.0,kg,230.0,
zepto,Kolkata,700019,curd,ok,Amul Masti Dahi Pouch,(380 g or 390 g),35,35,390.0,kg,89.74,two fills listed
zepto,Kolkata,700019,dal,ok,Tata Sampann Unpolished Toor Dal/Arhar Dal,(1 kg),189,234,1000.0,kg,189.0,
zepto,Kolkata,700019,detergent,ok,Surf Excel Easy Wash Detergent Powder,(1 kg),150,150,1000.0,kg,150.0,
zepto,Kolkata,700019,eggs,ok,Ovo Farms On-Day White Eggs,(6 pcs),57,80,6,pc,9.5,
zepto,Kolkata,700019,garlic,ok,Garlic Combo,100 g X 2,46,86,200.0,kg,230.0,
zepto,Kolkata,700019,ghee,ok,Amul Cow Ghee | Carton/Refill,(1 L),705,705,1000.0,l,705.0,
zepto,Kolkata,700019,ginger,ok,Ginger,200 g,25,73,200.0,kg,125.0,
zepto,Kolkata,700019,maggi,ok,MAGGI 2-Minute Instant Noodles | Masala Noodles | ,(280 g or 300 g),60,60,300.0,100g,20.0,two fills listed
zepto,Kolkata,700019,milk,ok,Amul Taaza Toned Fresh Milk | Pouch,(500 ml),26,30,500.0,l,52.0,
zepto,Kolkata,700019,oil,ok,Fortune Sunlite Refined Sunflower Oil | Pouch,(800 g),184,235,879.1,l,209.3,mass→vol
zepto,Kolkata,700019,onion,ok,Onion,900 g - 1 kg,68,127,950.0,kg,71.58,
zepto,Kolkata,700019,paneer,ok,Amul Fresh Malai Paneer,(200 g),95,95,200.0,kg,475.0,
zepto,Kolkata,700019,parleg,ok,Parle-G Original Gluco Biscuits,(250 g),30,30,250.0,100g,12.0,
zepto,Kolkata,700019,potato,ok,Potato Big ( Biryani Aloo),1 kg,17,44,1000.0,kg,17.0,
zepto,Kolkata,700019,rice,ok,India Gate All Rounder Feast Rozzana Basmati Rice ,(5 kg),464,620,5000.0,kg,92.8,pack≠std
zepto,Kolkata,700019,salt,ok,Tata Salt | Free Flowing and Iodized Namak | Vacuu,(1 kg),29,32,1000.0,kg,29.0,
zepto,Kolkata,700019,sugar,ok,BestValue Sugar,(1 kg),61,95,1000.0,kg,61.0,
zepto,Kolkata,700019,tea,ok,Tata Tea Premium Desh Ki Chai,(250 g),120,120,250.0,100g,48.0,
zepto,Kolkata,700019,tomato,ok,Tomato Hybrid,500 g,25,68,500.0,kg,50.0,
zepto,Kolkata,700019,toothpaste,ok,Colgate Strong Teeth Anticavity Toothpaste,(150 g),103,103,150.0,100g,68.67,
zepto,Kolkata,700019,turmeric,ok,Everest Turmeric Powder,(100 g),46,48,100.0,100g,46.0,
zepto,Kolkata,700019,vim,ok,Vim Lemon Dishwash Bar,(300 g or 275 g),30,30,300.0,100g,10.0,two fills listed
zepto,Lucknow,226010,atta,ok,Aashirvaad Shudh Chakki Atta | Pure Atta 0% Maida,(5 kg),245,267,5000.0,kg,49.0,
zepto,Lucknow,226010,bhindi,ok,Lady Finger | Combo,250 g X 2,22,54,500.0,kg,44.0,
zepto,Lucknow,226010,butter,ok,Amul Salted Butter,(100 g),63,63,100.0,100g,63.0,
zepto,Lucknow,226010,carrot,ok,Carrot Ooty,500 - 550 g,23,47,525.0,kg,43.81,
zepto,Lucknow,226010,chilli,ok,Chilli Green,100 g,19,19,100.0,kg,190.0,
zepto,Lucknow,226010,coriander,ok,Coriander Leaves,100 g,21,53,100.0,kg,210.0,
zepto,Lucknow,226010,curd,ok,Amul Masti Dahi Pouch,(380 g or 390 g),35,35,390.0,kg,89.74,two fills listed
zepto,Lucknow,226010,dal,ok,Tata Sampann Unpolished Toor Dal/Arhar Dal,(1 kg),179,234,1000.0,kg,179.0,
zepto,Lucknow,226010,detergent,ok,Surf Excel Easy Wash Detergent Powder,(1 kg),147,147,1000.0,kg,147.0,
zepto,Lucknow,226010,eggs,ok,Z-Eggss White Economic Eggs,(6 pcs),52,81,6,pc,8.67,
zepto,Lucknow,226010,garlic,ok,Garlic Clove Combo,100 g X 2,46,82,200.0,kg,230.0,
zepto,Lucknow,226010,ghee,ok,Amul Pure Ghee | Carton | Classic & Authentic,(1 L),660,660,1000.0,l,660.0,
zepto,Lucknow,226010,ginger,ok,Ginger,200 g,36,52,200.0,kg,180.0,
zepto,Lucknow,226010,maggi,ok,MAGGI 2-Minute Instant Noodles | Masala Noodles | ,(280 g or 300 g),60,60,300.0,100g,20.0,two fills listed
zepto,Lucknow,226010,milk,ok,Amul Taaza Toned Fresh Milk | Pouch,(500 ml),30,30,500.0,l,60.0,
zepto,Lucknow,226010,oil,ok,Fortune Sunlite Refined Sunflower Oil | Pouch,(800 g),180,205,879.1,l,204.75,mass→vol
zepto,Lucknow,226010,onion,ok,Onion,900 g - 1 kg,69,124,950.0,kg,72.63,
zepto,Lucknow,226010,paneer,ok,Amul Fresh Malai Paneer,(200 g),95,95,200.0,kg,475.0,
zepto,Lucknow,226010,parleg,ok,Parle-G Original Gluco Biscuits,(250 g),30,30,250.0,100g,12.0,
zepto,Lucknow,226010,potato,ok,Potato,900 g - 1 kg,20,39,950.0,kg,21.05,
zepto,Lucknow,226010,rice,na,,,,,,kg,,
zepto,Lucknow,226010,salt,ok,Tata Salt | Free Flowing and Iodized Namak | Vacuu,(1 kg),29,32,1000.0,kg,29.0,
zepto,Lucknow,226010,sugar,ok,BestValue Sugar,(1 kg),58,95,1000.0,kg,58.0,
zepto,Lucknow,226010,tea,ok,Tata Tea Premium Desh Ki Chai,(250 g),130,130,250.0,100g,52.0,
zepto,Lucknow,226010,tomato,ok,Tomato Local,500 g,23,51,500.0,kg,46.0,
zepto,Lucknow,226010,toothpaste,ok,Colgate Strong Teeth Anticavity Toothpaste,(200 g),135,135,200.0,100g,67.5,
zepto,Lucknow,226010,turmeric,ok,Everest Turmeric Powder,(100 g),48,48,100.0,100g,48.0,
zepto,Lucknow,226010,vim,ok,Vim Lemon Dishwash Bar,(300 g or 275 g),30,30,300.0,100g,10.0,two fills listed
zepto,Mumbai,400050,atta,ok,"Superior MP Wheat Atta, 0% Maida | Aashirvaad",(5 kg),261,314,5000.0,kg,52.2,
zepto,Mumbai,400050,bhindi,ok,Lady Finger Combo,250 g X 1,16,41,250.0,kg,64.0,
zepto,Mumbai,400050,butter,ok,Amul Salted Butter,(100 g),63,63,100.0,100g,63.0,
zepto,Mumbai,400050,carrot,ok,Carrot Ooty,500 g,44,81,500.0,kg,88.0,
zepto,Mumbai,400050,chilli,ok,Chilli Green Spicy,150 g,18,43,150.0,kg,120.0,
zepto,Mumbai,400050,coriander,ok,Coriander Leaves,100 g,18,50,100.0,kg,180.0,
zepto,Mumbai,400050,curd,ok,Amul Masti Dahi Cup,(400 g),50,50,400.0,kg,125.0,
zepto,Mumbai,400050,dal,ok,Tata Sampann Unpolished Toor Dal/Arhar Dal,(1 kg),175,234,1000.0,kg,175.0,
zepto,Mumbai,400050,detergent,ok,Surf Excel Easy Wash Detergent Powder,(1 kg),159,167,1000.0,kg,159.0,
zepto,Mumbai,400050,eggs,ok,Fresh White Eggs,(6 pcs),56,75,6,pc,9.33,
zepto,Mumbai,400050,garlic,ok,Garlic,200 g,57,135,200.0,kg,285.0,
zepto,Mumbai,400050,ghee,ok,Amul Cow Ghee | Carton/Refill,(1 L),705,705,1000.0,l,705.0,
zepto,Mumbai,400050,ginger,ok,Ginger,200 g,54,103,200.0,kg,270.0,
zepto,Mumbai,400050,maggi,ok,MAGGI 2-Minute Instant Noodles | Masala Noodles | ,(280 g or 300 g),59,60,300.0,100g,19.67,two fills listed
zepto,Mumbai,400050,milk,ok,Amul Taaza Toned Fresh Milk | Pouch,(500 ml),30,30,500.0,l,60.0,
zepto,Mumbai,400050,oil,ok,Fortune Sunlite Refined Sunflower Oil | Pouch,(800 g),192,240,879.1,l,218.4,mass→vol
zepto,Mumbai,400050,onion,ok,Onion,900 g - 1 kg,60,157,950.0,kg,63.16,
zepto,Mumbai,400050,paneer,ok,Amul Fresh Malai Paneer,(200 g),95,95,200.0,kg,475.0,
zepto,Mumbai,400050,parleg,ok,Parle-G Original Gluco Biscuits,(250 g),30,30,250.0,100g,12.0,
zepto,Mumbai,400050,potato,ok,Potato,900 g - 1 kg,26,72,950.0,kg,27.37,
zepto,Mumbai,400050,rice,na,,,,,,kg,,
zepto,Mumbai,400050,salt,ok,Tata Salt | Free Flowing and Iodized Namak | Vacuu,(1 kg),29,32,1000.0,kg,29.0,
zepto,Mumbai,400050,sugar,ok,BestValue Sugar,(1 kg),61,95,1000.0,kg,61.0,
zepto,Mumbai,400050,tea,ok,Tata Tea Premium Desh Ki Chai,(250 g),134,135,250.0,100g,53.6,
zepto,Mumbai,400050,tomato,ok,Tomato Hybrid,500 g,21,51,500.0,kg,42.0,
zepto,Mumbai,400050,toothpaste,ok,Colgate Strong Teeth Anticavity Toothpaste,(150 g),102,103,150.0,100g,68.0,
zepto,Mumbai,400050,turmeric,ok,Everest Turmeric Powder,(100 g),42,50,100.0,100g,42.0,
zepto,Mumbai,400050,vim,ok,Vim Lemon Dishwash Bar,(300 g or 275 g),29,30,300.0,100g,9.67,two fills listed
zepto,Pune,411038,atta,ok,Aashirvaad Shudh Chakki Atta | Pure Atta 0% Maida,(5 kg),253,268,5000.0,kg,50.6,
zepto,Pune,411038,bhindi,ok,Lady Finger,250 g,16,43,250.0,kg,64.0,
zepto,Pune,411038,butter,ok,Amul Salted Butter,(100 g),63,63,100.0,100g,63.0,
zepto,Pune,411038,carrot,ok,Carrot Ooty,500 g,64,65,500.0,kg,128.0,
zepto,Pune,411038,chilli,ok,Chilli Green,100 g,11,32,100.0,kg,110.0,
zepto,Pune,411038,coriander,ok,Coriander Leaves,100 g,17,26,100.0,kg,170.0,
zepto,Pune,411038,curd,ok,Amul Masti Dahi Pouch,(500 g),45,45,500.0,kg,90.0,
zepto,Pune,411038,dal,ok,Tata Sampann Unpolished Toor Dal/Arhar Dal,(1 kg),178,234,1000.0,kg,178.0,
zepto,Pune,411038,detergent,ok,Surf Excel Easy Wash Detergent Powder,(1 kg),167,167,1000.0,kg,167.0,
zepto,Pune,411038,eggs,ok,Humpy Farms Antibiotics Free Eggs,(6 pcs),106,125,6,pc,17.67,
zepto,Pune,411038,garlic,ok,Garlic Clove,100 g,19,40,100.0,kg,190.0,
zepto,Pune,411038,ghee,ok,Amul Pure Ghee Pouch | Classic & Authentic,(1 L),640,640,1000.0,l,640.0,
zepto,Pune,411038,ginger,ok,Ginger,200 g,54,112,200.0,kg,270.0,
zepto,Pune,411038,maggi,ok,MAGGI 2-Minute Instant Noodles | Masala Noodles | ,(420 g or 450 g),79,90,450.0,100g,17.56,two fills listed
zepto,Pune,411038,milk,ok,Amul Taaza Toned Fresh Milk | Pouch,(500 ml),26,30,500.0,l,52.0,
zepto,Pune,411038,oil,ok,Fortune Sunlite Refined Sunflower Oil | Pouch,(800 g),189,225,879.1,l,214.99,mass→vol
zepto,Pune,411038,onion,ok,Onion,900 g - 1 kg,73,119,950.0,kg,76.84,
zepto,Pune,411038,paneer,ok,Amul Fresh Malai Paneer,(200 g),95,95,200.0,kg,475.0,
zepto,Pune,411038,parleg,ok,Parle-G Original Gluco Biscuits,(250 g),30,30,250.0,100g,12.0,
zepto,Pune,411038,potato,ok,Potato,900 g - 1 kg,32,63,950.0,kg,33.68,
zepto,Pune,411038,rice,ok,India Gate All Rounder Feast Rozzana Basmati Rice ,(1 kg),104,125,1000.0,kg,104.0,
zepto,Pune,411038,salt,ok,Tata Salt | Free Flowing and Iodized Namak | Vacuu,(1 kg),29,32,1000.0,kg,29.0,
zepto,Pune,411038,sugar,ok,Jivana Classic Sugar,(1 kg),65,100,1000.0,kg,65.0,
zepto,Pune,411038,tea,ok,Tata Tea Premium Desh Ki Chai,(500 g),251,270,500.0,100g,50.2,
zepto,Pune,411038,tomato,ok,Tomato Hybrid,500 g,20,40,500.0,kg,40.0,
zepto,Pune,411038,toothpaste,ok,Colgate Strong Teeth Anticavity Toothpaste,(200 g),135,135,200.0,100g,67.5,
zepto,Pune,411038,turmeric,ok,Everest Turmeric Powder,(100 g),42,50,100.0,100g,42.0,
zepto,Pune,411038,vim,ok,Vim Lemon Dishwash Bar,(300 g or 275 g),30,30,300.0,100g,10.0,two fills listed
